"","Individual","TagSNP.genotype","TagSNP.probability","TagSNP.sequenced","TagSNP.existing","Inversion","TagSNP.population"
"113","NC1","INV",1,1,1,"HsInv0061","EUR"
"115","NC2","INV",1,1,1,"HsInv0061","EUR"
"117","NC3","INV",1,1,1,"HsInv0061","EUR"
"118","NC11","INV",1,1,1,"HsInv0061","EUR"
"119","NC12","INV",1,1,1,"HsInv0061","EUR"
"120","NC13","INV",1,1,1,"HsInv0061","EUR"
"121","NC14","INV",1,1,1,"HsInv0061","EUR"
"122","NC15","INV",1,1,1,"HsInv0061","EUR"
"123","NC16","INV",1,1,1,"HsInv0061","EUR"
"124","NC4","INV",1,1,1,"HsInv0061","EUR"
"169","NC1","INV",1,4,4,"HsInv0102","EUR"
"171","NC2","STD",1,4,4,"HsInv0102","EUR"
"173","NC3","STD",1,4,4,"HsInv0102","EUR"
"174","NC11","STD",1,4,4,"HsInv0102","EUR"
"175","NC12","STD",1,4,4,"HsInv0102","EUR"
"176","NC13","STD",1,4,4,"HsInv0102","EUR"
"177","NC14","STD",1,4,4,"HsInv0102","EUR"
"178","NC15","STD",1,4,4,"HsInv0102","EUR"
"179","NC16","STD",1,4,4,"HsInv0102","EUR"
"180","NC4","STD",1,4,4,"HsInv0102","EUR"
"197","NC1","INV",1,3,3,"HsInv0114","EUR"
"199","NC2","HET",1,3,3,"HsInv0114","EUR"
"201","NC3","INV",1,3,3,"HsInv0114","EUR"
"202","NC11","INV",1,3,3,"HsInv0114","EUR"
"203","NC12","INV",1,3,3,"HsInv0114","EUR"
"204","NC13","STD",1,3,3,"HsInv0114","EUR"
"205","NC14","HET",1,3,3,"HsInv0114","EUR"
"206","NC15","INV",1,3,3,"HsInv0114","EUR"
"207","NC16","HET",1,3,3,"HsInv0114","EUR"
"208","NC4","HET",1,3,3,"HsInv0114","EUR"
"239","NC1","HET",1,1,1,"HsInv0266","EUR"
"241","NC2","HET",1,1,1,"HsInv0266","EUR"
"243","NC3","STD",1,1,1,"HsInv0266","EUR"
"244","NC11","STD",1,1,1,"HsInv0266","EUR"
"245","NC12","STD",1,1,1,"HsInv0266","EUR"
"246","NC13","STD",1,1,1,"HsInv0266","EUR"
"247","NC14","INV",1,1,1,"HsInv0266","EUR"
"248","NC15","STD",1,1,1,"HsInv0266","EUR"
"249","NC16","STD",1,1,1,"HsInv0266","EUR"
"250","NC4","INV",1,1,1,"HsInv0266","EUR"
"253","NC1","HET",1,45,45,"HsInv0347","EUR"
"255","NC2","STD",0.977777777777778,45,45,"HsInv0347","EUR"
"257","NC3","STD",0.977777777777778,45,45,"HsInv0347","EUR"
"258","NC11","STD",1,45,45,"HsInv0347","EUR"
"259","NC12","STD",1,45,45,"HsInv0347","EUR"
"260","NC13","HET",0.977777777777778,45,45,"HsInv0347","EUR"
"261","NC14","STD",1,45,45,"HsInv0347","EUR"
"262","NC15","STD",0.977777777777778,45,45,"HsInv0347","EUR"
"263","NC16","STD",0.977777777777778,45,45,"HsInv0347","EUR"
"264","NC4","HET",1,45,45,"HsInv0347","EUR"
"267","NC1","HET",1,22,22,"HsInv0003","GLB"
"268","NC10","INV",1,22,22,"HsInv0003","GLB"
"269","NC2","HET",1,22,22,"HsInv0003","GLB"
"270","NC27","INV",1,22,22,"HsInv0003","GLB"
"271","NC3","INV",1,22,22,"HsInv0003","GLB"
"272","NC11","INV",1,22,22,"HsInv0003","GLB"
"273","NC12","HET",1,22,22,"HsInv0003","GLB"
"274","NC13","INV",1,22,22,"HsInv0003","GLB"
"275","NC14","HET",1,22,22,"HsInv0003","GLB"
"276","NC15","INV",1,22,22,"HsInv0003","GLB"
"277","NC16","INV",1,22,22,"HsInv0003","GLB"
"278","NC4","HET",1,22,22,"HsInv0003","GLB"
"279","NC8","INV",1,22,22,"HsInv0003","GLB"
"280","NC9","INV",1,22,22,"HsInv0003","GLB"
"281","NC1","STD",1,17,17,"HsInv0004","GLB"
"282","NC10","STD",1,17,17,"HsInv0004","GLB"
"283","NC2","HET",1,17,17,"HsInv0004","GLB"
"284","NC27","HET",0.941176470588235,17,17,"HsInv0004","GLB"
"285","NC3","STD",1,17,17,"HsInv0004","GLB"
"286","NC11","STD",1,17,17,"HsInv0004","GLB"
"287","NC12","STD",1,17,17,"HsInv0004","GLB"
"288","NC13","STD",1,17,17,"HsInv0004","GLB"
"289","NC14","STD",1,17,17,"HsInv0004","GLB"
"290","NC15","STD",1,17,17,"HsInv0004","GLB"
"291","NC16","STD",1,17,17,"HsInv0004","GLB"
"292","NC4","HET",1,17,17,"HsInv0004","GLB"
"293","NC8","STD",1,17,17,"HsInv0004","GLB"
"294","NC9","STD",1,17,17,"HsInv0004","GLB"
"295","NC1","INV",1,3,3,"HsInv0006","GLB"
"296","NC10","HET",1,3,3,"HsInv0006","GLB"
"297","NC2","HET",1,3,3,"HsInv0006","GLB"
"298","NC27","HET",1,3,3,"HsInv0006","GLB"
"299","NC3","HET",1,3,3,"HsInv0006","GLB"
"300","NC11","STD",1,3,3,"HsInv0006","GLB"
"301","NC12","INV",1,3,3,"HsInv0006","GLB"
"302","NC13","HET",1,3,3,"HsInv0006","GLB"
"303","NC14","INV",1,3,3,"HsInv0006","GLB"
"304","NC15","INV",1,3,3,"HsInv0006","GLB"
"305","NC16","INV",1,3,3,"HsInv0006","GLB"
"306","NC4","STD",1,3,3,"HsInv0006","GLB"
"307","NC8","STD",1,3,3,"HsInv0006","GLB"
"308","NC9","STD",1,3,3,"HsInv0006","GLB"
"309","NC1","INV",1,8,8,"HsInv0031","GLB"
"310","NC10","INV",1,8,8,"HsInv0031","GLB"
"311","NC2","STD",1,8,8,"HsInv0031","GLB"
"312","NC27","INV",1,8,8,"HsInv0031","GLB"
"313","NC3","INV",1,8,8,"HsInv0031","GLB"
"314","NC11","INV",1,8,8,"HsInv0031","GLB"
"315","NC12","HET",1,8,8,"HsInv0031","GLB"
"316","NC13","INV",0.875,8,8,"HsInv0031","GLB"
"317","NC14","HET",1,8,8,"HsInv0031","GLB"
"318","NC15","HET",1,8,8,"HsInv0031","GLB"
"319","NC16","INV",1,8,8,"HsInv0031","GLB"
"320","NC4","HET",1,8,8,"HsInv0031","GLB"
"321","NC8","HET",1,8,8,"HsInv0031","GLB"
"322","NC9","INV",1,8,8,"HsInv0031","GLB"
"323","NC1","HET",0.974358974358974,39,40,"HsInv0040","GLB"
"324","NC10","HET",0.974358974358974,39,40,"HsInv0040","GLB"
"325","NC2","STD",1,39,40,"HsInv0040","GLB"
"326","NC27","HET",1,39,40,"HsInv0040","GLB"
"327","NC3","INV",0.974358974358974,39,40,"HsInv0040","GLB"
"328","NC11","HET",1,39,40,"HsInv0040","GLB"
"329","NC12","HET",1,39,40,"HsInv0040","GLB"
"330","NC13","HET",0.974358974358974,39,40,"HsInv0040","GLB"
"331","NC14","INV",0.974358974358974,39,40,"HsInv0040","GLB"
"332","NC15","HET",1,39,40,"HsInv0040","GLB"
"333","NC16","HET",1,39,40,"HsInv0040","GLB"
"334","NC4","HET",0.974358974358974,39,40,"HsInv0040","GLB"
"335","NC8","INV",0.948717948717949,39,40,"HsInv0040","GLB"
"336","NC9","INV",1,39,40,"HsInv0040","GLB"
"337","NC1","HET",1,2,2,"HsInv0041","GLB"
"338","NC10","HET",1,2,2,"HsInv0041","GLB"
"339","NC2","HET",1,2,2,"HsInv0041","GLB"
"340","NC27","STD",1,2,2,"HsInv0041","GLB"
"341","NC3","HET",1,2,2,"HsInv0041","GLB"
"342","NC11","STD",1,2,2,"HsInv0041","GLB"
"343","NC12","STD",1,2,2,"HsInv0041","GLB"
"344","NC13","HET",1,2,2,"HsInv0041","GLB"
"345","NC14","INV",1,2,2,"HsInv0041","GLB"
"346","NC15","STD",1,2,2,"HsInv0041","GLB"
"347","NC16","HET",1,2,2,"HsInv0041","GLB"
"348","NC4","STD",1,2,2,"HsInv0041","GLB"
"349","NC8","STD",1,2,2,"HsInv0041","GLB"
"350","NC9","HET",1,2,2,"HsInv0041","GLB"
"351","NC1","INV",1,1,1,"HsInv0045","GLB"
"352","NC10","INV",1,1,1,"HsInv0045","GLB"
"353","NC2","HET",1,1,1,"HsInv0045","GLB"
"354","NC27","STD",1,1,1,"HsInv0045","GLB"
"355","NC3","HET",1,1,1,"HsInv0045","GLB"
"356","NC11","HET",1,1,1,"HsInv0045","GLB"
"357","NC12","HET",1,1,1,"HsInv0045","GLB"
"358","NC13","INV",1,1,1,"HsInv0045","GLB"
"359","NC14","STD",1,1,1,"HsInv0045","GLB"
"360","NC15","HET",1,1,1,"HsInv0045","GLB"
"361","NC16","STD",1,1,1,"HsInv0045","GLB"
"362","NC4","HET",1,1,1,"HsInv0045","GLB"
"363","NC8","HET",1,1,1,"HsInv0045","GLB"
"364","NC9","HET",1,1,1,"HsInv0045","GLB"
"365","NC1","INV",1,1,1,"HsInv0059","GLB"
"366","NC10","INV",1,1,1,"HsInv0059","GLB"
"367","NC2","HET",1,1,1,"HsInv0059","GLB"
"368","NC27","HET",1,1,1,"HsInv0059","GLB"
"369","NC3","INV",1,1,1,"HsInv0059","GLB"
"370","NC11","INV",1,1,1,"HsInv0059","GLB"
"371","NC12","INV",1,1,1,"HsInv0059","GLB"
"372","NC13","INV",1,1,1,"HsInv0059","GLB"
"373","NC14","HET",1,1,1,"HsInv0059","GLB"
"374","NC15","INV",1,1,1,"HsInv0059","GLB"
"375","NC16","INV",1,1,1,"HsInv0059","GLB"
"376","NC4","HET",1,1,1,"HsInv0059","GLB"
"377","NC8","HET",1,1,1,"HsInv0059","GLB"
"378","NC9","HET",1,1,1,"HsInv0059","GLB"
"379","NC1","HET",1,2,2,"HsInv0063","GLB"
"380","NC10","INV",1,2,2,"HsInv0063","GLB"
"381","NC2","STD",1,2,2,"HsInv0063","GLB"
"382","NC27","HET",1,2,2,"HsInv0063","GLB"
"383","NC3","HET",1,2,2,"HsInv0063","GLB"
"384","NC11","INV",1,2,2,"HsInv0063","GLB"
"385","NC12","HET",1,2,2,"HsInv0063","GLB"
"386","NC13","HET",1,2,2,"HsInv0063","GLB"
"387","NC14","INV",1,2,2,"HsInv0063","GLB"
"388","NC15","HET",1,2,2,"HsInv0063","GLB"
"389","NC16","STD",1,2,2,"HsInv0063","GLB"
"390","NC4","INV",1,2,2,"HsInv0063","GLB"
"391","NC8","INV",1,2,2,"HsInv0063","GLB"
"392","NC9","HET",1,2,2,"HsInv0063","GLB"
"393","NC1","HET",1,1,1,"HsInv0068","GLB"
"394","NC10","INV",1,1,1,"HsInv0068","GLB"
"395","NC2","HET",1,1,1,"HsInv0068","GLB"
"396","NC27","INV",1,1,1,"HsInv0068","GLB"
"397","NC3","HET",1,1,1,"HsInv0068","GLB"
"398","NC11","HET",1,1,1,"HsInv0068","GLB"
"399","NC12","INV",1,1,1,"HsInv0068","GLB"
"400","NC13","INV",1,1,1,"HsInv0068","GLB"
"401","NC14","INV",1,1,1,"HsInv0068","GLB"
"402","NC15","INV",1,1,1,"HsInv0068","GLB"
"403","NC16","HET",1,1,1,"HsInv0068","GLB"
"404","NC4","HET",1,1,1,"HsInv0068","GLB"
"405","NC8","INV",1,1,1,"HsInv0068","GLB"
"406","NC9","INV",1,1,1,"HsInv0068","GLB"
"407","NC1","HET",1,1,1,"HsInv0092","GLB"
"408","NC10","STD",1,1,1,"HsInv0092","GLB"
"409","NC2","STD",1,1,1,"HsInv0092","GLB"
"410","NC27","STD",1,1,1,"HsInv0092","GLB"
"411","NC3","HET",1,1,1,"HsInv0092","GLB"
"412","NC11","STD",1,1,1,"HsInv0092","GLB"
"413","NC12","STD",1,1,1,"HsInv0092","GLB"
"414","NC13","STD",1,1,1,"HsInv0092","GLB"
"415","NC14","STD",1,1,1,"HsInv0092","GLB"
"416","NC15","HET",1,1,1,"HsInv0092","GLB"
"417","NC16","STD",1,1,1,"HsInv0092","GLB"
"418","NC4","STD",1,1,1,"HsInv0092","GLB"
"419","NC8","STD",1,1,1,"HsInv0092","GLB"
"420","NC9","STD",1,1,1,"HsInv0092","GLB"
"421","NC1","INV",1,4,4,"HsInv0095","GLB"
"422","NC10","INV",1,4,4,"HsInv0095","GLB"
"423","NC2","HET",1,4,4,"HsInv0095","GLB"
"424","NC27","INV",1,4,4,"HsInv0095","GLB"
"425","NC3","HET",1,4,4,"HsInv0095","GLB"
"426","NC11","STD",1,4,4,"HsInv0095","GLB"
"427","NC12","INV",1,4,4,"HsInv0095","GLB"
"428","NC13","INV",1,4,4,"HsInv0095","GLB"
"429","NC14","HET",1,4,4,"HsInv0095","GLB"
"430","NC15","INV",1,4,4,"HsInv0095","GLB"
"431","NC16","INV",1,4,4,"HsInv0095","GLB"
"432","NC4","HET",1,4,4,"HsInv0095","GLB"
"433","NC8","HET",1,4,4,"HsInv0095","GLB"
"434","NC9","HET",1,4,4,"HsInv0095","GLB"
"435","NC1","STD",1,8,8,"HsInv0098","GLB"
"436","NC10","STD",1,8,8,"HsInv0098","GLB"
"437","NC2","STD",1,8,8,"HsInv0098","GLB"
"438","NC27","STD",1,8,8,"HsInv0098","GLB"
"439","NC3","STD",1,8,8,"HsInv0098","GLB"
"440","NC11","STD",1,8,8,"HsInv0098","GLB"
"441","NC12","STD",1,8,8,"HsInv0098","GLB"
"442","NC13","HET",1,8,8,"HsInv0098","GLB"
"443","NC14","STD",1,8,8,"HsInv0098","GLB"
"444","NC15","STD",1,8,8,"HsInv0098","GLB"
"445","NC16","STD",1,8,8,"HsInv0098","GLB"
"446","NC4","STD",1,8,8,"HsInv0098","GLB"
"447","NC8","STD",1,8,8,"HsInv0098","GLB"
"448","NC9","STD",1,8,8,"HsInv0098","GLB"
"449","NC1","HET",1,14,16,"HsInv0201","GLB"
"450","NC10","STD",1,14,16,"HsInv0201","GLB"
"451","NC2","HET",1,14,16,"HsInv0201","GLB"
"452","NC27","STD",1,14,16,"HsInv0201","GLB"
"453","NC3","STD",1,14,16,"HsInv0201","GLB"
"454","NC11","STD",1,14,16,"HsInv0201","GLB"
"455","NC12","HET",1,14,16,"HsInv0201","GLB"
"456","NC13","INV",1,14,16,"HsInv0201","GLB"
"457","NC14","STD",1,14,16,"HsInv0201","GLB"
"458","NC15","STD",1,14,16,"HsInv0201","GLB"
"459","NC16","HET",1,14,16,"HsInv0201","GLB"
"460","NC4","HET",1,14,16,"HsInv0201","GLB"
"461","NC8","HET",1,14,16,"HsInv0201","GLB"
"462","NC9","HET",1,14,16,"HsInv0201","GLB"
"463","NC1","HET",1,3,3,"HsInv0260","GLB"
"464","NC10","STD",1,3,3,"HsInv0260","GLB"
"465","NC2","HET",1,3,3,"HsInv0260","GLB"
"466","NC27","HET",1,3,3,"HsInv0260","GLB"
"467","NC3","STD",1,3,3,"HsInv0260","GLB"
"468","NC11","STD",1,3,3,"HsInv0260","GLB"
"469","NC12","HET",1,3,3,"HsInv0260","GLB"
"470","NC13","STD",1,3,3,"HsInv0260","GLB"
"471","NC14","STD",1,3,3,"HsInv0260","GLB"
"472","NC15","HET",1,3,3,"HsInv0260","GLB"
"473","NC16","STD",1,3,3,"HsInv0260","GLB"
"474","NC4","STD",1,3,3,"HsInv0260","GLB"
"475","NC8","STD",1,3,3,"HsInv0260","GLB"
"476","NC9","HET",1,3,3,"HsInv0260","GLB"
"477","NC1","HET",1,27,27,"HsInv0003","EUR"
"479","NC2","HET",1,27,27,"HsInv0003","EUR"
"481","NC3","INV",1,27,27,"HsInv0003","EUR"
"482","NC11","INV",1,27,27,"HsInv0003","EUR"
"483","NC12","HET",1,27,27,"HsInv0003","EUR"
"484","NC13","INV",1,27,27,"HsInv0003","EUR"
"485","NC14","HET",1,27,27,"HsInv0003","EUR"
"486","NC15","INV",1,27,27,"HsInv0003","EUR"
"487","NC16","INV",1,27,27,"HsInv0003","EUR"
"488","NC4","HET",1,27,27,"HsInv0003","EUR"
"491","NC1","STD",1,100,104,"HsInv0004","EUR"
"493","NC2","HET",1,100,104,"HsInv0004","EUR"
"495","NC3","STD",1,100,104,"HsInv0004","EUR"
"496","NC11","STD",1,100,104,"HsInv0004","EUR"
"497","NC12","STD",1,100,104,"HsInv0004","EUR"
"498","NC13","STD",1,100,104,"HsInv0004","EUR"
"499","NC14","STD",1,100,104,"HsInv0004","EUR"
"500","NC15","STD",1,100,104,"HsInv0004","EUR"
"501","NC16","STD",1,100,104,"HsInv0004","EUR"
"502","NC4","HET",1,100,104,"HsInv0004","EUR"
"505","NC1","INV",1,36,37,"HsInv0006","EUR"
"507","NC2","HET",1,36,37,"HsInv0006","EUR"
"509","NC3","INV",0.916666666666667,36,37,"HsInv0006","EUR"
"510","NC11","STD",1,36,37,"HsInv0006","EUR"
"511","NC12","INV",1,36,37,"HsInv0006","EUR"
"512","NC13","HET",0.888888888888889,36,37,"HsInv0006","EUR"
"513","NC14","INV",1,36,37,"HsInv0006","EUR"
"514","NC15","INV",1,36,37,"HsInv0006","EUR"
"515","NC16","INV",1,36,37,"HsInv0006","EUR"
"516","NC4","STD",1,36,37,"HsInv0006","EUR"
"519","NC1","INV",1,10,10,"HsInv0031","EUR"
"521","NC2","STD",1,10,10,"HsInv0031","EUR"
"523","NC3","INV",1,10,10,"HsInv0031","EUR"
"524","NC11","INV",1,10,10,"HsInv0031","EUR"
"525","NC12","HET",1,10,10,"HsInv0031","EUR"
"526","NC13","INV",0.9,10,10,"HsInv0031","EUR"
"527","NC14","HET",1,10,10,"HsInv0031","EUR"
"528","NC15","HET",1,10,10,"HsInv0031","EUR"
"529","NC16","INV",1,10,10,"HsInv0031","EUR"
"530","NC4","HET",1,10,10,"HsInv0031","EUR"
"533","NC1","HET",0.957446808510638,47,49,"HsInv0040","EUR"
"535","NC2","STD",1,47,49,"HsInv0040","EUR"
"537","NC3","INV",0.978723404255319,47,49,"HsInv0040","EUR"
"538","NC11","HET",0.978723404255319,47,49,"HsInv0040","EUR"
"539","NC12","HET",0.978723404255319,47,49,"HsInv0040","EUR"
"540","NC13","HET",0.957446808510638,47,49,"HsInv0040","EUR"
"541","NC14","INV",0.893617021276596,46,49,"HsInv0040","EUR"
"542","NC15","HET",0.978723404255319,47,49,"HsInv0040","EUR"
"543","NC16","HET",1,47,49,"HsInv0040","EUR"
"544","NC4","HET",0.957446808510638,47,49,"HsInv0040","EUR"
"547","NC1","HET",1,4,4,"HsInv0041","EUR"
"549","NC2","HET",1,4,4,"HsInv0041","EUR"
"551","NC3","HET",1,4,4,"HsInv0041","EUR"
"552","NC11","STD",1,4,4,"HsInv0041","EUR"
"553","NC12","STD",1,4,4,"HsInv0041","EUR"
"554","NC13","HET",1,4,4,"HsInv0041","EUR"
"555","NC14","INV",1,4,4,"HsInv0041","EUR"
"556","NC15","STD",1,4,4,"HsInv0041","EUR"
"557","NC16","HET",1,4,4,"HsInv0041","EUR"
"558","NC4","STD",1,4,4,"HsInv0041","EUR"
"561","NC1","INV",1,2,2,"HsInv0045","EUR"
"563","NC2","HET",1,2,2,"HsInv0045","EUR"
"565","NC3","HET",1,2,2,"HsInv0045","EUR"
"566","NC11","HET",1,2,2,"HsInv0045","EUR"
"567","NC12","HET",1,2,2,"HsInv0045","EUR"
"568","NC13","INV",1,2,2,"HsInv0045","EUR"
"569","NC14","STD",1,2,2,"HsInv0045","EUR"
"570","NC15","HET",1,2,2,"HsInv0045","EUR"
"571","NC16","STD",1,2,2,"HsInv0045","EUR"
"572","NC4","HET",1,2,2,"HsInv0045","EUR"
"575","NC1","INV",1,2,4,"HsInv0059","EUR"
"577","NC2","HET",1,2,4,"HsInv0059","EUR"
"579","NC3","INV",1,2,4,"HsInv0059","EUR"
"580","NC11","INV",1,2,4,"HsInv0059","EUR"
"581","NC12","INV",1,2,4,"HsInv0059","EUR"
"582","NC13","INV",1,2,4,"HsInv0059","EUR"
"583","NC14","HET",1,2,4,"HsInv0059","EUR"
"584","NC15","INV",1,2,4,"HsInv0059","EUR"
"585","NC16","INV",1,2,4,"HsInv0059","EUR"
"586","NC4","HET",1,2,4,"HsInv0059","EUR"
"589","NC1","HET",1,9,9,"HsInv0063","EUR"
"591","NC2","STD",1,9,9,"HsInv0063","EUR"
"593","NC3","HET",1,9,9,"HsInv0063","EUR"
"594","NC11","INV",1,9,9,"HsInv0063","EUR"
"595","NC12","HET",1,9,9,"HsInv0063","EUR"
"596","NC13","HET",1,9,9,"HsInv0063","EUR"
"597","NC14","INV",1,9,9,"HsInv0063","EUR"
"598","NC15","HET",1,9,9,"HsInv0063","EUR"
"599","NC16","STD",1,9,9,"HsInv0063","EUR"
"600","NC4","INV",1,9,9,"HsInv0063","EUR"
"603","NC1","HET",1,8,8,"HsInv0068","EUR"
"605","NC2","HET",1,8,8,"HsInv0068","EUR"
"607","NC3","HET",1,8,8,"HsInv0068","EUR"
"608","NC11","HET",1,8,8,"HsInv0068","EUR"
"609","NC12","INV",1,8,8,"HsInv0068","EUR"
"610","NC13","INV",1,8,8,"HsInv0068","EUR"
"611","NC14","INV",1,8,8,"HsInv0068","EUR"
"612","NC15","INV",0.875,8,8,"HsInv0068","EUR"
"613","NC16","HET",1,8,8,"HsInv0068","EUR"
"614","NC4","HET",1,8,8,"HsInv0068","EUR"
"617","NC1","INV",1,11,11,"HsInv0095","EUR"
"619","NC2","HET",1,11,11,"HsInv0095","EUR"
"621","NC3","HET",1,11,11,"HsInv0095","EUR"
"622","NC11","STD",1,11,11,"HsInv0095","EUR"
"623","NC12","INV",0.909090909090909,11,11,"HsInv0095","EUR"
"624","NC13","INV",1,11,11,"HsInv0095","EUR"
"625","NC14","HET",1,11,11,"HsInv0095","EUR"
"626","NC15","INV",1,11,11,"HsInv0095","EUR"
"627","NC16","INV",1,11,11,"HsInv0095","EUR"
"628","NC4","HET",1,11,11,"HsInv0095","EUR"
"631","NC1","STD",1,25,27,"HsInv0098","EUR"
"633","NC2","STD",1,25,27,"HsInv0098","EUR"
"635","NC3","STD",1,25,27,"HsInv0098","EUR"
"636","NC11","STD",1,25,27,"HsInv0098","EUR"
"637","NC12","STD",1,25,27,"HsInv0098","EUR"
"638","NC13","HET",1,25,27,"HsInv0098","EUR"
"639","NC14","STD",1,25,27,"HsInv0098","EUR"
"640","NC15","STD",1,25,27,"HsInv0098","EUR"
"641","NC16","STD",1,25,27,"HsInv0098","EUR"
"642","NC4","STD",1,25,27,"HsInv0098","EUR"
"645","NC1","INV",1,19,19,"HsInv0105","EUR"
"647","NC2","HET",1,19,19,"HsInv0105","EUR"
"649","NC3","STD",1,19,19,"HsInv0105","EUR"
"650","NC11","HET",1,19,19,"HsInv0105","EUR"
"651","NC12","STD",1,19,19,"HsInv0105","EUR"
"652","NC13","HET",1,19,19,"HsInv0105","EUR"
"653","NC14","STD",1,19,19,"HsInv0105","EUR"
"654","NC15","HET",1,19,19,"HsInv0105","EUR"
"655","NC16","HET",1,19,19,"HsInv0105","EUR"
"656","NC4","HET",1,19,19,"HsInv0105","EUR"
"659","NC1","HET",1,64,66,"HsInv0201","EUR"
"661","NC2","HET",1,64,66,"HsInv0201","EUR"
"663","NC3","STD",1,64,66,"HsInv0201","EUR"
"664","NC11","STD",1,64,66,"HsInv0201","EUR"
"665","NC12","HET",0.96875,64,66,"HsInv0201","EUR"
"666","NC13","INV",0.96875,64,66,"HsInv0201","EUR"
"667","NC14","STD",1,64,66,"HsInv0201","EUR"
"668","NC15","STD",1,64,66,"HsInv0201","EUR"
"669","NC16","HET",1,64,66,"HsInv0201","EUR"
"670","NC4","HET",1,64,66,"HsInv0201","EUR"
"673","NC1","HET",1,7,7,"HsInv0260","EUR"
"675","NC2","HET",1,7,7,"HsInv0260","EUR"
"677","NC3","STD",1,7,7,"HsInv0260","EUR"
"678","NC11","STD",1,7,7,"HsInv0260","EUR"
"679","NC12","HET",1,7,7,"HsInv0260","EUR"
"680","NC13","STD",1,7,7,"HsInv0260","EUR"
"681","NC14","STD",1,7,7,"HsInv0260","EUR"
"682","NC15","HET",1,7,7,"HsInv0260","EUR"
"683","NC16","STD",1,7,7,"HsInv0260","EUR"
"684","NC4","STD",1,7,7,"HsInv0260","EUR"
"688","NC10","HET",1,17,18,"HsInv0006","EAS"
"699","NC8","STD",1,17,18,"HsInv0006","EAS"
"700","NC9","STD",1,17,18,"HsInv0006","EAS"
"702","NC10","INV",1,19,20,"HsInv0031","EAS"
"713","NC8","HET",1,19,20,"HsInv0031","EAS"
"714","NC9","INV",1,19,20,"HsInv0031","EAS"
"716","NC10","HET",1,37,38,"HsInv0041","EAS"
"727","NC8","STD",1,37,38,"HsInv0041","EAS"
"728","NC9","HET",1,37,38,"HsInv0041","EAS"
"730","NC10","INV",1,7,7,"HsInv0045","EAS"
"741","NC8","HET",1,7,7,"HsInv0045","EAS"
"742","NC9","HET",1,7,7,"HsInv0045","EAS"
"744","NC10","INV",1,1,3,"HsInv0059","EAS"
"755","NC8","HET",1,1,3,"HsInv0059","EAS"
"756","NC9","HET",1,1,3,"HsInv0059","EAS"
"758","NC10","INV",1,13,13,"HsInv0063","EAS"
"769","NC8","INV",1,13,13,"HsInv0063","EAS"
"770","NC9","HET",1,13,13,"HsInv0063","EAS"
"772","NC10","INV",1,27,27,"HsInv0095","EAS"
"783","NC8","HET",1,27,27,"HsInv0095","EAS"
"784","NC9","HET",1,27,27,"HsInv0095","EAS"
"786","NC10","HET",1,16,16,"HsInv0105","EAS"
"797","NC8","HET",1,16,16,"HsInv0105","EAS"
"798","NC9","HET",1,16,16,"HsInv0105","EAS"
"800","NC10","STD",1,66,68,"HsInv0201","EAS"
"811","NC8","HET",1,66,68,"HsInv0201","EAS"
"812","NC9","HET",1,66,68,"HsInv0201","EAS"
"814","NC10","STD",1,9,9,"HsInv0260","EAS"
"825","NC8","STD",1,9,9,"HsInv0260","EAS"
"826","NC9","HET",1,9,9,"HsInv0260","EAS"
"841","NC17","INV",1,1,1,"HsInv0061","EUR"
"842","NC18","INV",1,1,1,"HsInv0061","EUR"
"849","NC17","HET",1,4,4,"HsInv0102","EUR"
"850","NC18","STD",1,4,4,"HsInv0102","EUR"
"853","NC17","HET",1,3,3,"HsInv0114","EUR"
"854","NC18","INV",1,3,3,"HsInv0114","EUR"
"857","NC17","STD",1,1,1,"HsInv0266","EUR"
"858","NC18","HET",1,1,1,"HsInv0266","EUR"
"859","NC17","STD",1,44,45,"HsInv0347","EUR"
"860","NC18","STD",1,44,45,"HsInv0347","EUR"
"861","NC17","INV",1,22,22,"HsInv0003","GLB"
"862","NC18","INV",1,22,22,"HsInv0003","GLB"
"863","NC17","STD",1,1,17,"HsInv0004","GLB"
"864","NC18","STD",1,1,17,"HsInv0004","GLB"
"865","NC17","INV",1,3,3,"HsInv0006","GLB"
"866","NC18","HET",1,3,3,"HsInv0006","GLB"
"867","NC17","HET",1,8,8,"HsInv0031","GLB"
"868","NC18","STD",1,8,8,"HsInv0031","GLB"
"869","NC17","INV",1,39,40,"HsInv0040","GLB"
"870","NC18","INV",1,39,40,"HsInv0040","GLB"
"871","NC17","HET",1,1,1,"HsInv0045","GLB"
"872","NC18","HET",1,1,1,"HsInv0045","GLB"
"873","NC17","HET",1,1,1,"HsInv0059","GLB"
"874","NC18","INV",1,1,1,"HsInv0059","GLB"
"875","NC17","STD",1,2,2,"HsInv0063","GLB"
"876","NC18","HET",1,2,2,"HsInv0063","GLB"
"877","NC17","HET",1,1,1,"HsInv0068","GLB"
"878","NC18","HET",1,1,1,"HsInv0068","GLB"
"879","NC17","INV",1,4,4,"HsInv0095","GLB"
"880","NC18","INV",1,4,4,"HsInv0095","GLB"
"881","NC17","STD",1,14,16,"HsInv0201","GLB"
"882","NC18","HET",1,14,16,"HsInv0201","GLB"
"883","NC17","INV",1,27,27,"HsInv0003","EUR"
"884","NC18","INV",1,27,27,"HsInv0003","EUR"
"885","NC17","STD",1,19,104,"HsInv0004","EUR"
"886","NC18","STD",1,19,104,"HsInv0004","EUR"
"887","NC17","INV",1,36,37,"HsInv0006","EUR"
"888","NC18","HET",1,36,37,"HsInv0006","EUR"
"889","NC17","HET",1,10,10,"HsInv0031","EUR"
"890","NC18","STD",1,10,10,"HsInv0031","EUR"
"891","NC17","INV",0.978723404255319,46,49,"HsInv0040","EUR"
"892","NC18","INV",1,47,49,"HsInv0040","EUR"
"893","NC17","HET",1,2,2,"HsInv0045","EUR"
"894","NC18","HET",1,2,2,"HsInv0045","EUR"
"895","NC17","HET",1,2,4,"HsInv0059","EUR"
"896","NC18","INV",1,2,4,"HsInv0059","EUR"
"897","NC17","STD",1,9,9,"HsInv0063","EUR"
"898","NC18","HET",1,9,9,"HsInv0063","EUR"
"899","NC17","HET",1,8,8,"HsInv0068","EUR"
"900","NC18","HET",1,8,8,"HsInv0068","EUR"
"901","NC17","INV",1,11,11,"HsInv0095","EUR"
"902","NC18","INV",1,11,11,"HsInv0095","EUR"
"903","NC17","HET",1,19,19,"HsInv0105","EUR"
"904","NC18","STD",1,19,19,"HsInv0105","EUR"
"905","NC17","STD",1,64,66,"HsInv0201","EUR"
"906","NC18","HET",1,64,66,"HsInv0201","EUR"
"947","NC22","INV",0.954545454545455,22,22,"HsInv0003","GLB"
"948","NC25","HET",1,22,22,"HsInv0003","GLB"
"949","NC26","INV",0.909090909090909,22,22,"HsInv0003","GLB"
"950","NC6","HET",0.954545454545455,22,22,"HsInv0003","GLB"
"951","NC22","STD",1,16,17,"HsInv0004","GLB"
"952","NC25","STD",1,16,17,"HsInv0004","GLB"
"953","NC26","HET",1,16,17,"HsInv0004","GLB"
"954","NC6","STD",1,16,17,"HsInv0004","GLB"
"955","NC22","HET",1,3,3,"HsInv0006","GLB"
"956","NC25","STD",1,3,3,"HsInv0006","GLB"
"957","NC26","STD",1,3,3,"HsInv0006","GLB"
"958","NC6","STD",1,3,3,"HsInv0006","GLB"
"959","NC22","HET",1,8,8,"HsInv0031","GLB"
"960","NC25","STD",1,8,8,"HsInv0031","GLB"
"961","NC26","HET",1,8,8,"HsInv0031","GLB"
"962","NC6","INV",0.75,8,8,"HsInv0031","GLB"
"963","NC22","INV",0.948717948717949,39,40,"HsInv0040","GLB"
"964","NC25","INV",0.948717948717949,39,40,"HsInv0040","GLB"
"965","NC26","HET",0.948717948717949,38,40,"HsInv0040","GLB"
"966","NC6","INV",1,39,40,"HsInv0040","GLB"
"967","NC22","HET",1,2,2,"HsInv0041","GLB"
"968","NC25","HET",1,2,2,"HsInv0041","GLB"
"969","NC26","INV",1,2,2,"HsInv0041","GLB"
"970","NC6","INV",1,2,2,"HsInv0041","GLB"
"971","NC22","HET",1,1,1,"HsInv0045","GLB"
"972","NC25","HET",1,1,1,"HsInv0045","GLB"
"973","NC26","INV",1,1,1,"HsInv0045","GLB"
"974","NC6","HET",1,1,1,"HsInv0045","GLB"
"975","NC22","HET",1,1,1,"HsInv0059","GLB"
"976","NC25","INV",1,1,1,"HsInv0059","GLB"
"977","NC26","HET",1,1,1,"HsInv0059","GLB"
"978","NC6","INV",1,1,1,"HsInv0059","GLB"
"979","NC22","STD",1,2,2,"HsInv0063","GLB"
"980","NC25","HET",1,2,2,"HsInv0063","GLB"
"981","NC26","STD",1,2,2,"HsInv0063","GLB"
"982","NC6","STD",1,2,2,"HsInv0063","GLB"
"983","NC22","INV",1,1,1,"HsInv0068","GLB"
"984","NC25","INV",1,1,1,"HsInv0068","GLB"
"985","NC26","HET",1,1,1,"HsInv0068","GLB"
"986","NC6","STD",1,1,1,"HsInv0068","GLB"
"987","NC22","HET",1,1,1,"HsInv0092","GLB"
"988","NC25","HET",1,1,1,"HsInv0092","GLB"
"989","NC26","HET",1,1,1,"HsInv0092","GLB"
"990","NC6","INV",1,1,1,"HsInv0092","GLB"
"991","NC22","INV",1,4,4,"HsInv0095","GLB"
"992","NC25","HET",1,4,4,"HsInv0095","GLB"
"993","NC26","INV",0.75,4,4,"HsInv0095","GLB"
"994","NC6","INV",1,4,4,"HsInv0095","GLB"
"995","NC22","STD",1,8,8,"HsInv0098","GLB"
"996","NC25","INV",0.625,8,8,"HsInv0098","GLB"
"997","NC26","STD",1,8,8,"HsInv0098","GLB"
"998","NC6","HET",1,8,8,"HsInv0098","GLB"
"999","NC22","INV",1,14,16,"HsInv0201","GLB"
"1000","NC25","HET",1,14,16,"HsInv0201","GLB"
"1001","NC26","INV",1,14,16,"HsInv0201","GLB"
"1002","NC6","INV",1,14,16,"HsInv0201","GLB"
"1003","NC22","INV",0.956521739130435,23,23,"HsInv0003","AFR"
"1004","NC25","HET",1,23,23,"HsInv0003","AFR"
"1005","NC26","INV",0.91304347826087,23,23,"HsInv0003","AFR"
"1006","NC6","HET",0.956521739130435,23,23,"HsInv0003","AFR"
"1007","NC22","HET",1,10,11,"HsInv0031","AFR"
"1008","NC25","STD",1,10,11,"HsInv0031","AFR"
"1009","NC26","HET",1,10,11,"HsInv0031","AFR"
"1010","NC6","INV",0.8,10,11,"HsInv0031","AFR"
"1011","NC22","INV",0.953488372093023,43,44,"HsInv0040","AFR"
"1012","NC25","INV",0.953488372093023,43,44,"HsInv0040","AFR"
"1013","NC26","HET",0.953488372093023,42,44,"HsInv0040","AFR"
"1014","NC6","INV",1,43,44,"HsInv0040","AFR"
"1015","NC22","HET",1,4,4,"HsInv0041","AFR"
"1016","NC25","HET",1,4,4,"HsInv0041","AFR"
"1017","NC26","INV",1,4,4,"HsInv0041","AFR"
"1018","NC6","INV",1,4,4,"HsInv0041","AFR"
"1019","NC22","HET",1,2,2,"HsInv0045","AFR"
"1020","NC25","HET",1,2,2,"HsInv0045","AFR"
"1021","NC26","INV",1,2,2,"HsInv0045","AFR"
"1022","NC6","HET",1,2,2,"HsInv0045","AFR"
"1023","NC22","STD",1,2,2,"HsInv0063","AFR"
"1024","NC25","HET",1,2,2,"HsInv0063","AFR"
"1025","NC26","STD",1,2,2,"HsInv0063","AFR"
"1026","NC6","STD",1,2,2,"HsInv0063","AFR"
"1027","NC22","INV",1,1,1,"HsInv0068","AFR"
"1028","NC25","INV",1,1,1,"HsInv0068","AFR"
"1029","NC26","HET",1,1,1,"HsInv0068","AFR"
"1030","NC6","STD",1,1,1,"HsInv0068","AFR"
"1031","NC22","HET",1,1,1,"HsInv0092","AFR"
"1032","NC25","HET",1,1,1,"HsInv0092","AFR"
"1033","NC26","HET",1,1,1,"HsInv0092","AFR"
"1034","NC6","INV",1,1,1,"HsInv0092","AFR"
"1035","NC22","INV",1,4,4,"HsInv0095","AFR"
"1036","NC25","HET",1,4,4,"HsInv0095","AFR"
"1037","NC26","INV",0.75,4,4,"HsInv0095","AFR"
"1038","NC6","INV",1,4,4,"HsInv0095","AFR"
"1039","NC22","STD",1,26,27,"HsInv0098","AFR"
"1040","NC25","INV",0.807692307692308,26,27,"HsInv0098","AFR"
"1041","NC26","STD",1,26,27,"HsInv0098","AFR"
"1042","NC6","HET",1,26,27,"HsInv0098","AFR"
"1043","NC22","INV",1,14,16,"HsInv0201","AFR"
"1044","NC25","HET",1,14,16,"HsInv0201","AFR"
"1045","NC26","INV",1,14,16,"HsInv0201","AFR"
"1046","NC6","INV",1,14,16,"HsInv0201","AFR"
"1047","NC22","HET",1,72,81,"HsInv1057","AFR"
"1048","NC25","STD",0.986111111111111,71,81,"HsInv1057","AFR"
"1049","NC26","STD",1,72,81,"HsInv1057","AFR"
"1050","NC6","STD",0.972222222222222,71,81,"HsInv1057","AFR"
"1051","NC22","HET",1,64,72,"HsInv1057","GLB"
"1052","NC25","STD",0.984375,63,72,"HsInv1057","GLB"
"1053","NC26","STD",1,64,72,"HsInv1057","GLB"
"1054","NC6","STD",0.96875,63,72,"HsInv1057","GLB"
