"","Inversion","chromosome","STEP01.is.autosomal","GLB","AFR","EUR","STEP02.has.imp.info","IMPUTE2","STEP03.tag.or.imputable","STEP04.autosomal.imputable","HET.genotype","INV.genotype","STD.genotype","HOMO.genotype","all.genotype","STEP05.genotype","STEP06.final"
"1","HsInv0003","chr1","PASS","Tagged","Tagged","Tagged","PASS","PASS","PASS","PASS",7,13,0,13,20,"PASS","PASS"
"2","HsInv0004","chr1","PASS","Tagged","Tagged","Tagged","PASS","PASS","PASS","PASS",4,0,16,16,20,"PASS","PASS"
"3","HsInv0006","chr1","PASS","Tagged","Tagged","Tagged","PASS","PASS","PASS","PASS",6,6,7,13,19,"PASS","PASS"
"4","HsInv0012","chr1","PASS",NA,NA,NA,"FILTERED","FILTERED","FILTERED","FILTERED",NA,NA,NA,NA,NA,"FILTERED","FILTERED"
"5","HsInv0014","chr10","PASS","Tagged","Tagged","Tagged","PASS","PASS","PASS","PASS",2,0,18,18,20,"PASS","PASS"
"6","HsInv0015","chr10","PASS","Imputable","Tagged","Imputable","PASS","PASS","PASS","PASS",7,9,4,13,20,"PASS","PASS"
"7","HsInv0016","chr10","PASS","Tagged","Tagged","Tagged","PASS","PASS","PASS","PASS",4,15,1,16,20,"PASS","PASS"
"8","HsInv0017","chr10","PASS",NA,NA,NA,"FILTERED","FILTERED","FILTERED","FILTERED",NA,NA,NA,NA,NA,"FILTERED","FILTERED"
"9","HsInv0020","chr11","PASS",NA,NA,NA,"FILTERED","FILTERED","FILTERED","FILTERED",NA,NA,NA,NA,NA,"FILTERED","FILTERED"
"10","HsInv0030","chr16","PASS","No_Imputable","No_Imputable","Imputable","PASS","PASS","PASS","PASS",3,9,0,9,12,"PASS","PASS"
"11","HsInv0031","chr16","PASS","Tagged","Tagged","Tagged","PASS","PASS","PASS","PASS",8,9,3,12,20,"PASS","PASS"
"12","HsInv0032","chr17","PASS",NA,NA,NA,"FILTERED","FILTERED","FILTERED","FILTERED",NA,NA,NA,NA,NA,"FILTERED","FILTERED"
"13","HsInv0036","chr18","PASS",NA,NA,NA,"FILTERED","FILTERED","FILTERED","FILTERED",NA,NA,NA,NA,NA,"FILTERED","FILTERED"
"14","HsInv0040","chr2","PASS","Tagged","Tagged","Tagged","PASS","PASS","PASS","PASS",9,9,1,10,19,"PASS","PASS"
"15","HsInv0041","chr2","PASS","Tagged","Tagged","Tagged","PASS","PASS","PASS","PASS",9,3,8,11,20,"PASS","PASS"
"16","HsInv0045","chr21","PASS","Tagged","Tagged","Tagged","PASS","PASS","PASS","PASS",13,4,3,7,20,"PASS","PASS"
"17","HsInv0052nd","chr3","PASS","Tagged","Tagged","Tagged","PASS","PASS","PASS","PASS",0,0,6,6,6,"FILTERED","FILTERED"
"18","HsInv0052si","chr3","PASS","Tagged","Tagged","Tagged","PASS","PASS","PASS","PASS",2,5,13,18,20,"PASS","PASS"
"19","HsInv0055","chr5","PASS","Imputable","Imputable","Imputable","PASS","PASS","PASS","PASS",4,16,0,16,20,"PASS","PASS"
"20","HsInv0058","chr6","PASS","Tagged","Tagged","Tagged","PASS","PASS","PASS","PASS",0,0,0,0,0,"FILTERED","FILTERED"
"21","HsInv0059","chr6","PASS","Tagged","Tagged","Tagged","PASS","PASS","PASS","PASS",9,11,0,11,20,"PASS","PASS"
"22","HsInv0060","chr6","PASS","Tagged","Tagged","Tagged","PASS","PASS","PASS","PASS",11,4,5,9,20,"PASS","PASS"
"23","HsInv0061","chr6","PASS","No_Imputable","No_Polymorphic","No_Imputable","PASS","PASS","PASS","PASS",0,3,0,3,3,"FILTERED","FILTERED"
"24","HsInv0063","chr7","PASS","Tagged","Tagged","Tagged","PASS","PASS","PASS","PASS",9,5,6,11,20,"PASS","PASS"
"25","HsInv0068","chr9","PASS","Tagged","Tagged","Tagged","PASS","PASS","PASS","PASS",8,11,1,12,20,"PASS","PASS"
"26","HsInv0069","chr9","PASS","No_Imputable","No_Imputable","No_Imputable","PASS","PASS","FILTERED","FILTERED",0,0,0,0,0,"FILTERED","FILTERED"
"27","HsInv0072","chrX","FILTERED","No_Imputable","Imputable","No_Imputable","PASS","FILTERED","PASS","FILTERED",NA,NA,NA,NA,NA,"FILTERED","FILTERED"
"28","HsInv0076","chrX","FILTERED","No_Imputable","No_Imputable","No_Imputable","PASS","FILTERED","FILTERED","FILTERED",NA,NA,NA,NA,NA,"FILTERED","FILTERED"
"29","HsInv0081","chrX","FILTERED","Tagged","Tagged","Tagged","PASS","FILTERED","PASS","FILTERED",NA,NA,NA,NA,NA,"FILTERED","FILTERED"
"30","HsInv0092","chr6","PASS","Tagged","Tagged","Tagged","PASS","PASS","PASS","PASS",6,1,13,14,20,"PASS","PASS"
"31","HsInv0095","chr4","PASS","Tagged","Tagged","Tagged","PASS","PASS","PASS","PASS",7,12,1,13,20,"PASS","PASS"
"32","HsInv0097","chr3","PASS","Tagged","Tagged","No_Polymorphic","PASS","PASS","PASS","PASS",0,0,20,20,20,"FILTERED","FILTERED"
"33","HsInv0098","chr3","PASS","Tagged","Tagged","Tagged","PASS","PASS","PASS","PASS",2,1,17,18,20,"PASS","PASS"
"34","HsInv0100","chr4","PASS",NA,NA,NA,"FILTERED","FILTERED","FILTERED","FILTERED",NA,NA,NA,NA,NA,"FILTERED","FILTERED"
"35","HsInv0102","chr4","PASS","Imputable","Imputable","Imputable","PASS","PASS","PASS","PASS",3,1,16,17,20,"PASS","PASS"
"36","HsInv0104","chr7","PASS",NA,NA,NA,"FILTERED","FILTERED","FILTERED","FILTERED",NA,NA,NA,NA,NA,"FILTERED","FILTERED"
"37","HsInv0105","chr7","PASS","Imputable","Imputable","Tagged","PASS","PASS","PASS","PASS",11,4,5,9,20,"PASS","PASS"
"38","HsInv0113","chr9","PASS","Tagged","Tagged","Tagged","PASS","PASS","PASS","PASS",3,0,15,15,18,"PASS","PASS"
"39","HsInv0114","chr9","PASS","Imputable","Imputable","Imputable","PASS","PASS","PASS","PASS",6,9,3,12,18,"PASS","PASS"
"40","HsInv0124","chr11","PASS","Imputable","Imputable","Imputable","PASS","PASS","PASS","PASS",4,7,7,14,18,"PASS","PASS"
"41","HsInv0141","chr2","PASS","Tagged","Tagged","Tagged","PASS","PASS","PASS","PASS",1,0,18,18,19,"PASS","PASS"
"42","HsInv0147","chr12","PASS","Tagged","Tagged","Tagged","PASS","PASS","PASS","PASS",1,0,19,19,20,"PASS","PASS"
"43","HsInv0156","chr2","PASS","Tagged","Tagged","Tagged","PASS","PASS","PASS","PASS",3,0,14,14,17,"PASS","PASS"
"44","HsInv0159","chr19","PASS",NA,NA,NA,"FILTERED","FILTERED","FILTERED","FILTERED",NA,NA,NA,NA,NA,"FILTERED","FILTERED"
"45","HsInv0163","chr10","PASS","Tagged","Tagged","Tagged","PASS","PASS","PASS","PASS",2,1,17,18,20,"PASS","PASS"
"46","HsInv0170","chr12","PASS",NA,NA,NA,"FILTERED","FILTERED","FILTERED","FILTERED",NA,NA,NA,NA,NA,"FILTERED","FILTERED"
"47","HsInv0174","chr1","PASS","Tagged","Tagged","Tagged","PASS","PASS","PASS","PASS",8,11,1,12,20,"PASS","PASS"
"48","HsInv0181","chr8","PASS","Tagged","Tagged","Tagged","PASS","PASS","PASS","PASS",9,3,6,9,18,"PASS","PASS"
"49","HsInv0191","chr10","PASS","Tagged","Tagged","Tagged","PASS","PASS","PASS","PASS",2,2,14,16,18,"PASS","PASS"
"50","HsInv0193","chr20","PASS","Tagged","Tagged","Tagged","PASS","PASS","PASS","PASS",9,4,7,11,20,"PASS","PASS"
"51","HsInv0201","chr5","PASS","Tagged","Tagged","Tagged","PASS","PASS","PASS","PASS",9,4,7,11,20,"PASS","PASS"
"52","HsInv0209","chr11","PASS","Imputable","Imputable","Tagged","PASS","PASS","PASS","PASS",2,0,18,18,20,"PASS","PASS"
"53","HsInv0212","chr4","PASS","Tagged","Tagged","Tagged","PASS","PASS","PASS","PASS",1,0,16,16,17,"PASS","PASS"
"54","HsInv0228","chr1","PASS","No_Imputable","No_Imputable","No_Imputable","PASS","PASS","FILTERED","FILTERED",0,0,0,0,0,"FILTERED","FILTERED"
"55","HsInv0239","chr1","PASS","No_Imputable","No_Imputable","No_Imputable","PASS","PASS","FILTERED","FILTERED",0,0,0,0,0,"FILTERED","FILTERED"
"56","HsInv0241","chr2","PASS","No_Imputable","Imputable","No_Imputable","PASS","PASS","PASS","PASS",1,0,0,0,1,"FILTERED","FILTERED"
"57","HsInv0260","chr2","PASS","Tagged","Tagged","Tagged","PASS","PASS","PASS","PASS",6,0,14,14,20,"PASS","PASS"
"58","HsInv0266","chr4","PASS","Imputable","Imputable","Imputable","PASS","PASS","PASS","PASS",3,2,13,15,18,"PASS","PASS"
"59","HsInv0278","chr5","PASS","No_Imputable","No_Imputable","No_Imputable","PASS","PASS","FILTERED","FILTERED",0,0,0,0,0,"FILTERED","FILTERED"
"60","HsInv0284","chr6","PASS","Tagged","Tagged","No_Polymorphic","PASS","PASS","PASS","PASS",0,0,20,20,20,"FILTERED","FILTERED"
"61","HsInv0286","chr7","PASS","Imputable","Imputable","Tagged","PASS","PASS","PASS","PASS",7,7,4,11,18,"PASS","PASS"
"62","HsInv0290","chr7","PASS","No_Imputable","No_Imputable","Tagged","PASS","PASS","PASS","PASS",2,0,10,10,12,"PASS","PASS"
"63","HsInv0325","chr10","PASS","Imputable","Imputable","Imputable","PASS","PASS","PASS","PASS",9,3,7,10,19,"PASS","PASS"
"64","HsInv0340","chr13","PASS","No_Imputable","No_Imputable","Tagged","PASS","PASS","PASS","PASS",0,0,12,12,12,"FILTERED","FILTERED"
"65","HsInv0341","chr13","PASS","No_Imputable","Imputable","No_Imputable","PASS","PASS","PASS","PASS",0,0,3,3,3,"FILTERED","FILTERED"
"66","HsInv0344","chr14","PASS","No_Imputable","No_Imputable","No_Imputable","PASS","PASS","FILTERED","FILTERED",0,0,0,0,0,"FILTERED","FILTERED"
"67","HsInv0347","chr14","PASS","Imputable","Imputable","Imputable","PASS","PASS","PASS","PASS",4,0,14,14,18,"PASS","PASS"
"68","HsInv0370nd","chr16","PASS","No_Imputable","No_Imputable","No_Imputable","PASS","PASS","FILTERED","FILTERED",0,0,0,0,0,"FILTERED","FILTERED"
"69","HsInv0370si","chr16","PASS","No_Imputable","No_Imputable","No_Imputable","PASS","PASS","FILTERED","FILTERED",0,0,0,0,0,"FILTERED","FILTERED"
"70","HsInv0371","chr17","PASS","No_Imputable","Imputable","No_Imputable","PASS","PASS","PASS","PASS",1,0,2,2,3,"FILTERED","FILTERED"
"71","HsInv0374","chr17","PASS","No_Imputable","No_Imputable","No_Imputable","PASS","PASS","FILTERED","FILTERED",0,0,0,0,0,"FILTERED","FILTERED"
"72","HsInv0379","chr19","PASS","No_Polymorphic","No_Polymorphic","No_Polymorphic","PASS","PASS","PASS","PASS",0,0,20,20,20,"FILTERED","FILTERED"
"73","HsInv0382","chr20","PASS","No_Imputable","No_Imputable","No_Imputable","PASS","PASS","FILTERED","FILTERED",0,0,0,0,0,"FILTERED","FILTERED"
"74","HsInv0389","chrX","FILTERED","No_Imputable","No_Imputable","No_Imputable","PASS","FILTERED","FILTERED","FILTERED",NA,NA,NA,NA,NA,"FILTERED","FILTERED"
"75","HsInv0390","chrX","FILTERED","No_Imputable","No_Imputable","Imputable","PASS","FILTERED","PASS","FILTERED",NA,NA,NA,NA,NA,"FILTERED","FILTERED"
"76","HsInv0393","chrX","FILTERED","No_Imputable","No_Imputable","Imputable","PASS","FILTERED","PASS","FILTERED",NA,NA,NA,NA,NA,"FILTERED","FILTERED"
"77","HsInv0395","chrX","FILTERED","No_Imputable","No_Imputable","Tagged","PASS","FILTERED","PASS","FILTERED",NA,NA,NA,NA,NA,"FILTERED","FILTERED"
"78","HsInv0396","chrX","FILTERED","No_Imputable","No_Imputable","No_Imputable","PASS","FILTERED","FILTERED","FILTERED",NA,NA,NA,NA,NA,"FILTERED","FILTERED"
"79","HsInv0397","chrX","FILTERED","No_Imputable","No_Imputable","No_Imputable","PASS","FILTERED","FILTERED","FILTERED",NA,NA,NA,NA,NA,"FILTERED","FILTERED"
"80","HsInv0403","chrX","FILTERED","Imputable","Imputable","Imputable","PASS","FILTERED","PASS","FILTERED",NA,NA,NA,NA,NA,"FILTERED","FILTERED"
"81","HsInv0406","chrX","FILTERED",NA,NA,NA,"FILTERED","FILTERED","FILTERED","FILTERED",NA,NA,NA,NA,NA,"FILTERED","FILTERED"
"82","HsInv0409","chrX","FILTERED","Tagged","Tagged","Tagged","PASS","FILTERED","PASS","FILTERED",NA,NA,NA,NA,NA,"FILTERED","FILTERED"
"83","HsInv0410","chrX","FILTERED","Tagged","No_Polymorphic","Tagged","PASS","FILTERED","PASS","FILTERED",NA,NA,NA,NA,NA,"FILTERED","FILTERED"
"84","HsInv0414","chrX","FILTERED","No_Imputable","No_Imputable","No_Imputable","PASS","FILTERED","FILTERED","FILTERED",NA,NA,NA,NA,NA,"FILTERED","FILTERED"
"85","HsInv0416","chrY","FILTERED",NA,NA,NA,"FILTERED","FILTERED","FILTERED","FILTERED",NA,NA,NA,NA,NA,"FILTERED","FILTERED"
"86","HsInv0442","chr18","PASS","Tagged","Tagged","Tagged","PASS","PASS","PASS","PASS",6,0,14,14,20,"PASS","PASS"
"87","HsInv0486","chr7","PASS","No_Polymorphic","No_Polymorphic","No_Polymorphic","PASS","PASS","PASS","PASS",0,0,20,20,20,"FILTERED","FILTERED"
"88","HsInv0573","chr17","PASS","Tagged","No_Polymorphic","Tagged","PASS","PASS","PASS","PASS",0,0,12,12,12,"FILTERED","FILTERED"
"89","HsInv0603","chr1","PASS",NA,NA,NA,"FILTERED","FILTERED","FILTERED","FILTERED",NA,NA,NA,NA,NA,"FILTERED","FILTERED"
"90","HsInv0605","chrX","FILTERED","No_Imputable","No_Imputable","Tagged","PASS","FILTERED","PASS","FILTERED",NA,NA,NA,NA,NA,"FILTERED","FILTERED"
"91","HsInv0608","chrX","FILTERED","No_Imputable","No_Imputable","No_Imputable","PASS","FILTERED","FILTERED","FILTERED",NA,NA,NA,NA,NA,"FILTERED","FILTERED"
"92","HsInv0626","chr7","PASS","No_Imputable","No_Imputable","No_Imputable","PASS","PASS","FILTERED","FILTERED",0,0,0,0,0,"FILTERED","FILTERED"
"93","HsInv0786","chr16","PASS","No_Imputable","No_Imputable","Tagged","PASS","PASS","PASS","PASS",3,0,7,7,10,"PASS","PASS"
"94","HsInv0790","chr17","PASS","Tagged","Tagged","No_Polymorphic","PASS","PASS","PASS","PASS",0,0,20,20,20,"FILTERED","FILTERED"
"95","HsInv0830","chrX","FILTERED","No_Imputable","No_Imputable","No_Imputable","PASS","FILTERED","FILTERED","FILTERED",NA,NA,NA,NA,NA,"FILTERED","FILTERED"
"96","HsInv0832","chrY","FILTERED",NA,NA,NA,"FILTERED","FILTERED","FILTERED","FILTERED",NA,NA,NA,NA,NA,"FILTERED","FILTERED"
"97","HsInv0965","chr2","PASS","Tagged","Tagged","Tagged","PASS","PASS","PASS","PASS",1,0,18,18,19,"PASS","PASS"
"98","HsInv0989","chr10","PASS","Tagged","No_Polymorphic","Tagged","PASS","PASS","PASS","PASS",1,0,19,19,20,"PASS","PASS"
"99","HsInv0991","chr5","PASS","Tagged","Tagged","Tagged","PASS","PASS","PASS","PASS",5,7,3,10,15,"PASS","PASS"
"100","HsInv1057","chr6","PASS","Tagged","Tagged","No_Polymorphic","PASS","PASS","PASS","PASS",1,0,19,19,20,"PASS","PASS"
"101","HsInv1065","chr11","PASS",NA,NA,NA,"FILTERED","FILTERED","FILTERED","FILTERED",NA,NA,NA,NA,NA,"FILTERED","FILTERED"
"102","HsInv1066","chr12","PASS","Tagged","No_Polymorphic","Tagged","PASS","PASS","PASS","PASS",0,0,19,19,19,"FILTERED","FILTERED"
"103","HsInv1070","chr1","PASS","Tagged","No_Polymorphic","Tagged","PASS","PASS","PASS","PASS",0,0,20,20,20,"FILTERED","FILTERED"
"104","HsInv1075","chr11","PASS","Tagged","Tagged","Tagged","PASS","PASS","PASS","PASS",7,1,10,11,18,"PASS","PASS"
"105","HsInv1110","chr21","PASS","Imputable","No_Polymorphic","Imputable","PASS","PASS","PASS","PASS",2,0,18,18,20,"PASS","PASS"
"106","HsInv1111","chr8","PASS","No_Imputable","No_Imputable","No_Imputable","PASS","PASS","FILTERED","FILTERED",0,0,0,0,0,"FILTERED","FILTERED"
"107","HsInv1115","chr22","PASS",NA,NA,NA,"FILTERED","FILTERED","FILTERED","FILTERED",NA,NA,NA,NA,NA,"FILTERED","FILTERED"
"108","HsInv1127","chr10","PASS","Tagged","Tagged","Tagged","PASS","PASS","PASS","PASS",1,0,19,19,20,"PASS","PASS"
"109","HsInv1128","chr14","PASS","Tagged","No_Polymorphic","Tagged","PASS","PASS","PASS","PASS",0,0,20,20,20,"FILTERED","FILTERED"
"110","HsInv1129","chr4","PASS","Tagged","Tagged","No_Polymorphic","PASS","PASS","PASS","PASS",0,0,19,19,19,"FILTERED","FILTERED"
"111","HsInv1143","chr1","PASS","Tagged","Tagged","Tagged","PASS","PASS","PASS","PASS",0,0,20,20,20,"FILTERED","FILTERED"
"112","HsInv1222","chr11","PASS","Tagged","Tagged","No_Polymorphic","PASS","PASS","PASS","PASS",0,0,20,20,20,"FILTERED","FILTERED"
"113","HsInv1256","chr12","PASS","Tagged","Tagged","Tagged","PASS","PASS","PASS","PASS",3,0,17,17,20,"PASS","PASS"
"114","HsInv1258","chr12","PASS","Tagged","Tagged","No_Polymorphic","PASS","PASS","PASS","PASS",2,0,18,18,20,"PASS","PASS"
"115","HsInv1264","chr12","PASS","Tagged","No_Polymorphic","Tagged","PASS","PASS","PASS","PASS",2,0,18,18,20,"PASS","PASS"
"116","HsInv1321","chr14","PASS","Tagged","Tagged","Tagged","PASS","PASS","PASS","PASS",6,0,10,10,16,"PASS","PASS"
"117","HsInv1348","chr16","PASS","Tagged","Tagged","Tagged","PASS","PASS","PASS","PASS",8,0,12,12,20,"PASS","PASS"
"118","HsInv1358","chr17","PASS","Tagged","Tagged","Tagged","PASS","PASS","PASS","PASS",3,0,16,16,19,"PASS","PASS"
"119","HsInv1402","chr2","PASS","Tagged","No_Polymorphic","Tagged","PASS","PASS","PASS","PASS",2,0,18,18,20,"PASS","PASS"
"120","HsInv1569","chr5","PASS","Tagged","No_Polymorphic","Tagged","PASS","PASS","PASS","PASS",0,0,20,20,20,"FILTERED","FILTERED"
"121","HsInv1590","chr5","PASS","Tagged","Tagged","Tagged","PASS","PASS","PASS","PASS",2,0,15,15,17,"PASS","PASS"
"122","HsInv1798","chr12","PASS","Tagged","Tagged","Tagged","PASS","PASS","PASS","PASS",8,3,9,12,20,"PASS","PASS"
"123","HsInv1838","chr7","PASS","Tagged","No_Polymorphic","Tagged","PASS","PASS","PASS","PASS",3,0,14,14,17,"PASS","PASS"
"124","HsInv1867","chr1","PASS","Tagged","Tagged","Tagged","PASS","PASS","PASS","PASS",7,0,13,13,20,"PASS","PASS"
"125","HsInv1878","chr9","PASS","Tagged","Tagged","No_Polymorphic","PASS","PASS","PASS","PASS",0,0,20,20,20,"FILTERED","FILTERED"
"126","HsInv0822","chrX","FILTERED","No_Imputable","Imputable","No_Imputable","PASS","FILTERED","PASS","FILTERED",NA,NA,NA,NA,NA,"FILTERED","FILTERED"
