"","Individual","Inversion","TagSNP.genotype","TagSNP.probability","TagSNP.sequenced","TagSNP.existing","TagSNP.population"
"1","NC1","HsInv0003","HET",1,22,22,"GLB"
"2","NC1","HsInv0004","STD",1,17,17,"GLB"
"3","NC1","HsInv0006","INV",1,3,3,"GLB"
"4","NC1","HsInv0031","INV",1,8,8,"GLB"
"5","NC1","HsInv0040","HET",0.974358974358974,39,40,"GLB"
"6","NC1","HsInv0041","HET",1,2,2,"GLB"
"7","NC1","HsInv0045","INV",1,1,1,"GLB"
"8","NC1","HsInv0059","INV",1,1,1,"GLB"
"9","NC1","HsInv0061","INV",1,1,1,"EUR"
"10","NC1","HsInv0063","HET",1,2,2,"GLB"
"11","NC1","HsInv0068","HET",1,1,1,"GLB"
"12","NC1","HsInv0092","HET",1,1,1,"GLB"
"13","NC1","HsInv0095","INV",1,4,4,"GLB"
"14","NC1","HsInv0098","STD",1,8,8,"GLB"
"15","NC1","HsInv0102","INV",1,4,4,"EUR"
"16","NC1","HsInv0105","INV",1,19,19,"EUR"
"17","NC1","HsInv0114","INV",1,3,3,"EUR"
"18","NC1","HsInv0201","HET",1,14,16,"GLB"
"19","NC1","HsInv0260","HET",1,3,3,"GLB"
"20","NC1","HsInv0266","HET",1,1,1,"EUR"
"21","NC1","HsInv0347","HET",1,45,45,"EUR"
"22","NC10","HsInv0003","INV",1,22,22,"GLB"
"23","NC10","HsInv0004","STD",1,17,17,"GLB"
"24","NC10","HsInv0006","HET",1,3,3,"GLB"
"25","NC10","HsInv0031","INV",1,8,8,"GLB"
"26","NC10","HsInv0040","HET",0.974358974358974,39,40,"GLB"
"27","NC10","HsInv0041","HET",1,2,2,"GLB"
"28","NC10","HsInv0045","INV",1,1,1,"GLB"
"29","NC10","HsInv0059","INV",1,1,1,"GLB"
"30","NC10","HsInv0063","INV",1,2,2,"GLB"
"31","NC10","HsInv0068","INV",1,1,1,"GLB"
"32","NC10","HsInv0092","STD",1,1,1,"GLB"
"33","NC10","HsInv0095","INV",1,4,4,"GLB"
"34","NC10","HsInv0098","STD",1,8,8,"GLB"
"35","NC10","HsInv0105","HET",1,16,16,"EAS"
"36","NC10","HsInv0201","STD",1,14,16,"GLB"
"37","NC10","HsInv0260","STD",1,3,3,"GLB"
"38","NC11","HsInv0003","INV",1,22,22,"GLB"
"39","NC11","HsInv0004","STD",1,17,17,"GLB"
"40","NC11","HsInv0006","STD",1,3,3,"GLB"
"41","NC11","HsInv0031","INV",1,8,8,"GLB"
"42","NC11","HsInv0040","HET",1,39,40,"GLB"
"43","NC11","HsInv0041","STD",1,2,2,"GLB"
"44","NC11","HsInv0045","HET",1,1,1,"GLB"
"45","NC11","HsInv0059","INV",1,1,1,"GLB"
"46","NC11","HsInv0061","INV",1,1,1,"EUR"
"47","NC11","HsInv0063","INV",1,2,2,"GLB"
"48","NC11","HsInv0068","HET",1,1,1,"GLB"
"49","NC11","HsInv0092","STD",1,1,1,"GLB"
"50","NC11","HsInv0095","STD",1,4,4,"GLB"
"51","NC11","HsInv0098","STD",1,8,8,"GLB"
"52","NC11","HsInv0102","STD",1,4,4,"EUR"
"53","NC11","HsInv0105","HET",1,19,19,"EUR"
"54","NC11","HsInv0114","INV",1,3,3,"EUR"
"55","NC11","HsInv0201","STD",1,14,16,"GLB"
"56","NC11","HsInv0260","STD",1,3,3,"GLB"
"57","NC11","HsInv0266","STD",1,1,1,"EUR"
"58","NC11","HsInv0347","STD",1,45,45,"EUR"
"59","NC12","HsInv0003","HET",1,22,22,"GLB"
"60","NC12","HsInv0004","STD",1,17,17,"GLB"
"61","NC12","HsInv0006","INV",1,3,3,"GLB"
"62","NC12","HsInv0031","HET",1,8,8,"GLB"
"63","NC12","HsInv0040","HET",1,39,40,"GLB"
"64","NC12","HsInv0041","STD",1,2,2,"GLB"
"65","NC12","HsInv0045","HET",1,1,1,"GLB"
"66","NC12","HsInv0059","INV",1,1,1,"GLB"
"67","NC12","HsInv0061","INV",1,1,1,"EUR"
"68","NC12","HsInv0063","HET",1,2,2,"GLB"
"69","NC12","HsInv0068","INV",1,1,1,"GLB"
"70","NC12","HsInv0092","STD",1,1,1,"GLB"
"71","NC12","HsInv0095","INV",1,4,4,"GLB"
"72","NC12","HsInv0098","STD",1,8,8,"GLB"
"73","NC12","HsInv0102","STD",1,4,4,"EUR"
"74","NC12","HsInv0105","STD",1,19,19,"EUR"
"75","NC12","HsInv0114","INV",1,3,3,"EUR"
"76","NC12","HsInv0201","HET",1,14,16,"GLB"
"77","NC12","HsInv0260","HET",1,3,3,"GLB"
"78","NC12","HsInv0266","STD",1,1,1,"EUR"
"79","NC12","HsInv0347","STD",1,45,45,"EUR"
"80","NC13","HsInv0003","INV",1,22,22,"GLB"
"81","NC13","HsInv0004","STD",1,17,17,"GLB"
"82","NC13","HsInv0006","HET",1,3,3,"GLB"
"83","NC13","HsInv0031","INV",0.875,8,8,"GLB"
"84","NC13","HsInv0040","HET",0.974358974358974,39,40,"GLB"
"85","NC13","HsInv0041","HET",1,2,2,"GLB"
"86","NC13","HsInv0045","INV",1,1,1,"GLB"
"87","NC13","HsInv0059","INV",1,1,1,"GLB"
"88","NC13","HsInv0061","INV",1,1,1,"EUR"
"89","NC13","HsInv0063","HET",1,2,2,"GLB"
"90","NC13","HsInv0068","INV",1,1,1,"GLB"
"91","NC13","HsInv0092","STD",1,1,1,"GLB"
"92","NC13","HsInv0095","INV",1,4,4,"GLB"
"93","NC13","HsInv0098","HET",1,8,8,"GLB"
"94","NC13","HsInv0102","STD",1,4,4,"EUR"
"95","NC13","HsInv0105","HET",1,19,19,"EUR"
"96","NC13","HsInv0114","STD",1,3,3,"EUR"
"97","NC13","HsInv0201","INV",1,14,16,"GLB"
"98","NC13","HsInv0260","STD",1,3,3,"GLB"
"99","NC13","HsInv0266","STD",1,1,1,"EUR"
"100","NC13","HsInv0347","HET",0.977777777777778,45,45,"EUR"
"101","NC14","HsInv0003","HET",1,22,22,"GLB"
"102","NC14","HsInv0004","STD",1,17,17,"GLB"
"103","NC14","HsInv0006","INV",1,3,3,"GLB"
"104","NC14","HsInv0031","HET",1,8,8,"GLB"
"105","NC14","HsInv0040","INV",0.974358974358974,39,40,"GLB"
"106","NC14","HsInv0041","INV",1,2,2,"GLB"
"107","NC14","HsInv0045","STD",1,1,1,"GLB"
"108","NC14","HsInv0059","HET",1,1,1,"GLB"
"109","NC14","HsInv0061","INV",1,1,1,"EUR"
"110","NC14","HsInv0063","INV",1,2,2,"GLB"
"111","NC14","HsInv0068","INV",1,1,1,"GLB"
"112","NC14","HsInv0092","STD",1,1,1,"GLB"
"113","NC14","HsInv0095","HET",1,4,4,"GLB"
"114","NC14","HsInv0098","STD",1,8,8,"GLB"
"115","NC14","HsInv0102","STD",1,4,4,"EUR"
"116","NC14","HsInv0105","STD",1,19,19,"EUR"
"117","NC14","HsInv0114","HET",1,3,3,"EUR"
"118","NC14","HsInv0201","STD",1,14,16,"GLB"
"119","NC14","HsInv0260","STD",1,3,3,"GLB"
"120","NC14","HsInv0266","INV",1,1,1,"EUR"
"121","NC14","HsInv0347","STD",1,45,45,"EUR"
"122","NC15","HsInv0003","INV",1,22,22,"GLB"
"123","NC15","HsInv0004","STD",1,17,17,"GLB"
"124","NC15","HsInv0006","INV",1,3,3,"GLB"
"125","NC15","HsInv0031","HET",1,8,8,"GLB"
"126","NC15","HsInv0040","HET",1,39,40,"GLB"
"127","NC15","HsInv0041","STD",1,2,2,"GLB"
"128","NC15","HsInv0045","HET",1,1,1,"GLB"
"129","NC15","HsInv0059","INV",1,1,1,"GLB"
"130","NC15","HsInv0061","INV",1,1,1,"EUR"
"131","NC15","HsInv0063","HET",1,2,2,"GLB"
"132","NC15","HsInv0068","INV",1,1,1,"GLB"
"133","NC15","HsInv0092","HET",1,1,1,"GLB"
"134","NC15","HsInv0095","INV",1,4,4,"GLB"
"135","NC15","HsInv0098","STD",1,8,8,"GLB"
"136","NC15","HsInv0102","STD",1,4,4,"EUR"
"137","NC15","HsInv0105","HET",1,19,19,"EUR"
"138","NC15","HsInv0114","INV",1,3,3,"EUR"
"139","NC15","HsInv0201","STD",1,14,16,"GLB"
"140","NC15","HsInv0260","HET",1,3,3,"GLB"
"141","NC15","HsInv0266","STD",1,1,1,"EUR"
"142","NC15","HsInv0347","STD",0.977777777777778,45,45,"EUR"
"143","NC16","HsInv0003","INV",1,22,22,"GLB"
"144","NC16","HsInv0004","STD",1,17,17,"GLB"
"145","NC16","HsInv0006","INV",1,3,3,"GLB"
"146","NC16","HsInv0031","INV",1,8,8,"GLB"
"147","NC16","HsInv0040","HET",1,39,40,"GLB"
"148","NC16","HsInv0041","HET",1,2,2,"GLB"
"149","NC16","HsInv0045","STD",1,1,1,"GLB"
"150","NC16","HsInv0059","INV",1,1,1,"GLB"
"151","NC16","HsInv0061","INV",1,1,1,"EUR"
"152","NC16","HsInv0063","STD",1,2,2,"GLB"
"153","NC16","HsInv0068","HET",1,1,1,"GLB"
"154","NC16","HsInv0092","STD",1,1,1,"GLB"
"155","NC16","HsInv0095","INV",1,4,4,"GLB"
"156","NC16","HsInv0098","STD",1,8,8,"GLB"
"157","NC16","HsInv0102","STD",1,4,4,"EUR"
"158","NC16","HsInv0105","HET",1,19,19,"EUR"
"159","NC16","HsInv0114","HET",1,3,3,"EUR"
"160","NC16","HsInv0201","HET",1,14,16,"GLB"
"161","NC16","HsInv0260","STD",1,3,3,"GLB"
"162","NC16","HsInv0266","STD",1,1,1,"EUR"
"163","NC16","HsInv0347","STD",0.977777777777778,45,45,"EUR"
"164","NC17","HsInv0003","INV",1,22,22,"GLB"
"165","NC17","HsInv0004","STD",1,1,17,"GLB"
"166","NC17","HsInv0006","INV",1,3,3,"GLB"
"167","NC17","HsInv0031","HET",1,8,8,"GLB"
"168","NC17","HsInv0040","INV",1,39,40,"GLB"
"169","NC17","HsInv0045","HET",1,1,1,"GLB"
"170","NC17","HsInv0059","HET",1,1,1,"GLB"
"171","NC17","HsInv0061","INV",1,1,1,"EUR"
"172","NC17","HsInv0063","STD",1,2,2,"GLB"
"173","NC17","HsInv0068","HET",1,1,1,"GLB"
"174","NC17","HsInv0095","INV",1,4,4,"GLB"
"175","NC17","HsInv0102","HET",1,4,4,"EUR"
"176","NC17","HsInv0105","HET",1,19,19,"EUR"
"177","NC17","HsInv0114","HET",1,3,3,"EUR"
"178","NC17","HsInv0201","STD",1,14,16,"GLB"
"179","NC17","HsInv0266","STD",1,1,1,"EUR"
"180","NC17","HsInv0347","STD",1,44,45,"EUR"
"181","NC18","HsInv0003","INV",1,22,22,"GLB"
"182","NC18","HsInv0004","STD",1,1,17,"GLB"
"183","NC18","HsInv0006","HET",1,3,3,"GLB"
"184","NC18","HsInv0031","STD",1,8,8,"GLB"
"185","NC18","HsInv0040","INV",1,39,40,"GLB"
"186","NC18","HsInv0045","HET",1,1,1,"GLB"
"187","NC18","HsInv0059","INV",1,1,1,"GLB"
"188","NC18","HsInv0061","INV",1,1,1,"EUR"
"189","NC18","HsInv0063","HET",1,2,2,"GLB"
"190","NC18","HsInv0068","HET",1,1,1,"GLB"
"191","NC18","HsInv0095","INV",1,4,4,"GLB"
"192","NC18","HsInv0102","STD",1,4,4,"EUR"
"193","NC18","HsInv0105","STD",1,19,19,"EUR"
"194","NC18","HsInv0114","INV",1,3,3,"EUR"
"195","NC18","HsInv0201","HET",1,14,16,"GLB"
"196","NC18","HsInv0266","HET",1,1,1,"EUR"
"197","NC18","HsInv0347","STD",1,44,45,"EUR"
"198","NC2","HsInv0003","HET",1,22,22,"GLB"
"199","NC2","HsInv0004","HET",1,17,17,"GLB"
"200","NC2","HsInv0006","HET",1,3,3,"GLB"
"201","NC2","HsInv0031","STD",1,8,8,"GLB"
"202","NC2","HsInv0040","STD",1,39,40,"GLB"
"203","NC2","HsInv0041","HET",1,2,2,"GLB"
"204","NC2","HsInv0045","HET",1,1,1,"GLB"
"205","NC2","HsInv0059","HET",1,1,1,"GLB"
"206","NC2","HsInv0061","INV",1,1,1,"EUR"
"207","NC2","HsInv0063","STD",1,2,2,"GLB"
"208","NC2","HsInv0068","HET",1,1,1,"GLB"
"209","NC2","HsInv0092","STD",1,1,1,"GLB"
"210","NC2","HsInv0095","HET",1,4,4,"GLB"
"211","NC2","HsInv0098","STD",1,8,8,"GLB"
"212","NC2","HsInv0102","STD",1,4,4,"EUR"
"213","NC2","HsInv0105","HET",1,19,19,"EUR"
"214","NC2","HsInv0114","HET",1,3,3,"EUR"
"215","NC2","HsInv0201","HET",1,14,16,"GLB"
"216","NC2","HsInv0260","HET",1,3,3,"GLB"
"217","NC2","HsInv0266","HET",1,1,1,"EUR"
"218","NC2","HsInv0347","STD",0.977777777777778,45,45,"EUR"
"219","NC22","HsInv0003","INV",0.954545454545455,22,22,"GLB"
"220","NC22","HsInv0004","STD",1,16,17,"GLB"
"221","NC22","HsInv0006","HET",1,3,3,"GLB"
"222","NC22","HsInv0031","HET",1,8,8,"GLB"
"223","NC22","HsInv0040","INV",0.948717948717949,39,40,"GLB"
"224","NC22","HsInv0041","HET",1,2,2,"GLB"
"225","NC22","HsInv0045","HET",1,1,1,"GLB"
"226","NC22","HsInv0059","HET",1,1,1,"GLB"
"227","NC22","HsInv0063","STD",1,2,2,"GLB"
"228","NC22","HsInv0068","INV",1,1,1,"GLB"
"229","NC22","HsInv0092","HET",1,1,1,"GLB"
"230","NC22","HsInv0095","INV",1,4,4,"GLB"
"231","NC22","HsInv0098","STD",1,8,8,"GLB"
"232","NC22","HsInv0201","INV",1,14,16,"GLB"
"233","NC22","HsInv1057","HET",1,64,72,"GLB"
"234","NC25","HsInv0003","HET",1,22,22,"GLB"
"235","NC25","HsInv0004","STD",1,16,17,"GLB"
"236","NC25","HsInv0006","STD",1,3,3,"GLB"
"237","NC25","HsInv0031","STD",1,8,8,"GLB"
"238","NC25","HsInv0040","INV",0.948717948717949,39,40,"GLB"
"239","NC25","HsInv0041","HET",1,2,2,"GLB"
"240","NC25","HsInv0045","HET",1,1,1,"GLB"
"241","NC25","HsInv0059","INV",1,1,1,"GLB"
"242","NC25","HsInv0063","HET",1,2,2,"GLB"
"243","NC25","HsInv0068","INV",1,1,1,"GLB"
"244","NC25","HsInv0092","HET",1,1,1,"GLB"
"245","NC25","HsInv0095","HET",1,4,4,"GLB"
"246","NC25","HsInv0098","INV",0.807692307692308,26,27,"AFR"
"247","NC25","HsInv0201","HET",1,14,16,"GLB"
"248","NC25","HsInv1057","STD",0.984375,63,72,"GLB"
"249","NC26","HsInv0003","INV",0.909090909090909,22,22,"GLB"
"250","NC26","HsInv0004","HET",1,16,17,"GLB"
"251","NC26","HsInv0006","STD",1,3,3,"GLB"
"252","NC26","HsInv0031","HET",1,8,8,"GLB"
"253","NC26","HsInv0040","HET",0.948717948717949,38,40,"GLB"
"254","NC26","HsInv0041","INV",1,2,2,"GLB"
"255","NC26","HsInv0045","INV",1,1,1,"GLB"
"256","NC26","HsInv0059","HET",1,1,1,"GLB"
"257","NC26","HsInv0063","STD",1,2,2,"GLB"
"258","NC26","HsInv0068","HET",1,1,1,"GLB"
"259","NC26","HsInv0092","HET",1,1,1,"GLB"
"260","NC26","HsInv0095","INV",0.75,4,4,"GLB"
"261","NC26","HsInv0098","STD",1,8,8,"GLB"
"262","NC26","HsInv0201","INV",1,14,16,"GLB"
"263","NC26","HsInv1057","STD",1,64,72,"GLB"
"264","NC27","HsInv0003","INV",1,22,22,"GLB"
"265","NC27","HsInv0004","HET",0.941176470588235,17,17,"GLB"
"266","NC27","HsInv0006","HET",1,3,3,"GLB"
"267","NC27","HsInv0031","INV",1,8,8,"GLB"
"268","NC27","HsInv0040","HET",1,39,40,"GLB"
"269","NC27","HsInv0041","STD",1,2,2,"GLB"
"270","NC27","HsInv0045","STD",1,1,1,"GLB"
"271","NC27","HsInv0059","HET",1,1,1,"GLB"
"272","NC27","HsInv0063","HET",1,2,2,"GLB"
"273","NC27","HsInv0068","INV",1,1,1,"GLB"
"274","NC27","HsInv0092","STD",1,1,1,"GLB"
"275","NC27","HsInv0095","INV",1,4,4,"GLB"
"276","NC27","HsInv0098","STD",1,8,8,"GLB"
"277","NC27","HsInv0201","STD",1,14,16,"GLB"
"278","NC27","HsInv0260","HET",1,3,3,"GLB"
"279","NC3","HsInv0003","INV",1,22,22,"GLB"
"280","NC3","HsInv0004","STD",1,17,17,"GLB"
"281","NC3","HsInv0006","HET",1,3,3,"GLB"
"282","NC3","HsInv0031","INV",1,8,8,"GLB"
"283","NC3","HsInv0040","INV",0.974358974358974,39,40,"GLB"
"284","NC3","HsInv0041","HET",1,2,2,"GLB"
"285","NC3","HsInv0045","HET",1,1,1,"GLB"
"286","NC3","HsInv0059","INV",1,1,1,"GLB"
"287","NC3","HsInv0061","INV",1,1,1,"EUR"
"288","NC3","HsInv0063","HET",1,2,2,"GLB"
"289","NC3","HsInv0068","HET",1,1,1,"GLB"
"290","NC3","HsInv0092","HET",1,1,1,"GLB"
"291","NC3","HsInv0095","HET",1,4,4,"GLB"
"292","NC3","HsInv0098","STD",1,8,8,"GLB"
"293","NC3","HsInv0102","STD",1,4,4,"EUR"
"294","NC3","HsInv0105","STD",1,19,19,"EUR"
"295","NC3","HsInv0114","INV",1,3,3,"EUR"
"296","NC3","HsInv0201","STD",1,14,16,"GLB"
"297","NC3","HsInv0260","STD",1,3,3,"GLB"
"298","NC3","HsInv0266","STD",1,1,1,"EUR"
"299","NC3","HsInv0347","STD",0.977777777777778,45,45,"EUR"
"300","NC4","HsInv0003","HET",1,22,22,"GLB"
"301","NC4","HsInv0004","HET",1,17,17,"GLB"
"302","NC4","HsInv0006","STD",1,3,3,"GLB"
"303","NC4","HsInv0031","HET",1,8,8,"GLB"
"304","NC4","HsInv0040","HET",0.974358974358974,39,40,"GLB"
"305","NC4","HsInv0041","STD",1,2,2,"GLB"
"306","NC4","HsInv0045","HET",1,1,1,"GLB"
"307","NC4","HsInv0059","HET",1,1,1,"GLB"
"308","NC4","HsInv0061","INV",1,1,1,"EUR"
"309","NC4","HsInv0063","INV",1,2,2,"GLB"
"310","NC4","HsInv0068","HET",1,1,1,"GLB"
"311","NC4","HsInv0092","STD",1,1,1,"GLB"
"312","NC4","HsInv0095","HET",1,4,4,"GLB"
"313","NC4","HsInv0098","STD",1,8,8,"GLB"
"314","NC4","HsInv0102","STD",1,4,4,"EUR"
"315","NC4","HsInv0105","HET",1,19,19,"EUR"
"316","NC4","HsInv0114","HET",1,3,3,"EUR"
"317","NC4","HsInv0201","HET",1,14,16,"GLB"
"318","NC4","HsInv0260","STD",1,3,3,"GLB"
"319","NC4","HsInv0266","INV",1,1,1,"EUR"
"320","NC4","HsInv0347","HET",1,45,45,"EUR"
"321","NC6","HsInv0003","HET",0.954545454545455,22,22,"GLB"
"322","NC6","HsInv0004","STD",1,16,17,"GLB"
"323","NC6","HsInv0006","STD",1,3,3,"GLB"
"324","NC6","HsInv0031","INV",0.8,10,11,"AFR"
"325","NC6","HsInv0040","INV",1,39,40,"GLB"
"326","NC6","HsInv0041","INV",1,2,2,"GLB"
"327","NC6","HsInv0045","HET",1,1,1,"GLB"
"328","NC6","HsInv0059","INV",1,1,1,"GLB"
"329","NC6","HsInv0063","STD",1,2,2,"GLB"
"330","NC6","HsInv0068","STD",1,1,1,"GLB"
"331","NC6","HsInv0092","INV",1,1,1,"GLB"
"332","NC6","HsInv0095","INV",1,4,4,"GLB"
"333","NC6","HsInv0098","HET",1,8,8,"GLB"
"334","NC6","HsInv0201","INV",1,14,16,"GLB"
"335","NC6","HsInv1057","STD",0.96875,63,72,"GLB"
"336","NC8","HsInv0003","INV",1,22,22,"GLB"
"337","NC8","HsInv0004","STD",1,17,17,"GLB"
"338","NC8","HsInv0006","STD",1,3,3,"GLB"
"339","NC8","HsInv0031","HET",1,8,8,"GLB"
"340","NC8","HsInv0040","INV",0.948717948717949,39,40,"GLB"
"341","NC8","HsInv0041","STD",1,2,2,"GLB"
"342","NC8","HsInv0045","HET",1,1,1,"GLB"
"343","NC8","HsInv0059","HET",1,1,1,"GLB"
"344","NC8","HsInv0063","INV",1,2,2,"GLB"
"345","NC8","HsInv0068","INV",1,1,1,"GLB"
"346","NC8","HsInv0092","STD",1,1,1,"GLB"
"347","NC8","HsInv0095","HET",1,4,4,"GLB"
"348","NC8","HsInv0098","STD",1,8,8,"GLB"
"349","NC8","HsInv0105","HET",1,16,16,"EAS"
"350","NC8","HsInv0201","HET",1,14,16,"GLB"
"351","NC8","HsInv0260","STD",1,3,3,"GLB"
"352","NC9","HsInv0003","INV",1,22,22,"GLB"
"353","NC9","HsInv0004","STD",1,17,17,"GLB"
"354","NC9","HsInv0006","STD",1,3,3,"GLB"
"355","NC9","HsInv0031","INV",1,8,8,"GLB"
"356","NC9","HsInv0040","INV",1,39,40,"GLB"
"357","NC9","HsInv0041","HET",1,2,2,"GLB"
"358","NC9","HsInv0045","HET",1,1,1,"GLB"
"359","NC9","HsInv0059","HET",1,1,1,"GLB"
"360","NC9","HsInv0063","HET",1,2,2,"GLB"
"361","NC9","HsInv0068","INV",1,1,1,"GLB"
"362","NC9","HsInv0092","STD",1,1,1,"GLB"
"363","NC9","HsInv0095","HET",1,4,4,"GLB"
"364","NC9","HsInv0098","STD",1,8,8,"GLB"
"365","NC9","HsInv0105","HET",1,16,16,"EAS"
"366","NC9","HsInv0201","HET",1,14,16,"GLB"
"367","NC9","HsInv0260","HET",1,3,3,"GLB"
