Individual	HsInv0003	HsInv0004	HsInv0006	HsInv0014	HsInv0015	HsInv0016	HsInv0031	HsInv0040	HsInv0041	HsInv0045	HsInv0052nd	HsInv0052si	HsInv0055	HsInv0058	HsInv0059	HsInv0060	HsInv0063	HsInv0068	HsInv0092	HsInv0095	HsInv0097	HsInv0098	HsInv0102	HsInv0105	HsInv0113	HsInv0114	HsInv0124	HsInv0141	HsInv0147	HsInv0156	HsInv0163	HsInv0174	HsInv0181	HsInv0191	HsInv0193	HsInv0201	HsInv0209	HsInv0212	HsInv0260	HsInv0266	HsInv0284	HsInv0286	HsInv0325	HsInv0347	HsInv0379	HsInv0442	HsInv0486	HsInv0573	HsInv0790	HsInv0965	HsInv0989	HsInv0991	HsInv1057	HsInv1066	HsInv1070	HsInv1075	HsInv1110	HsInv1127	HsInv1128	HsInv1129	HsInv1143	HsInv1222	HsInv1256	HsInv1258	HsInv1264	HsInv1321	HsInv1348	HsInv1358	HsInv1402	HsInv1569	HsInv1590	HsInv1798	HsInv1838	HsInv1867	HsInv1878
201709.nc1	HET	STD	INV	STD	STD	INV	INV	HET	HET	INV	STD	STD	INV	.	INV	HET	HET	HET	HET	INV	STD	STD	INV	INV	STD	INV	STD	STD	STD	STD	STD	HET	STD	STD	HET	HET	STD	STD	HET	HET	STD	INV	INV	HET	STD	STD	STD	STD	STD	STD	STD	.	STD	STD	STD	STD	STD	STD	STD	STD	STD	STD	STD	STD	STD	STD	HET	STD	HET	STD	STD	HET	STD	HET	STD
201709.nc10	INV	STD	HET	HET	INV	INV	INV	HET	HET	INV	.	.	INV	.	INV	INV	INV	INV	STD	INV	STD	STD	STD	HET	STD	INV	INV	STD	STD	STD	STD	HET	STD	HET	INV	STD	STD	STD	STD	HET	STD	STD	.	STD	STD	STD	STD	STD	STD	HET	STD	STD	STD	STD	STD	STD	STD	STD	STD	STD	STD	STD	STD	HET	STD	INV	STD	STD	STD	STD	STD	STD	STD	STD	STD
201711.nc11	INV	STD	STD	STD	HET	INV	INV	HET	STD	HET	STD	STD	INV	.	INV	HET	INV	HET	STD	STD	STD	STD	STD	HET	STD	INV	HET	STD	STD	STD	STD	HET	HET	STD	STD	STD	STD	STD	STD	STD	STD	HET	STD	STD	STD	STD	STD	STD	STD	STD	STD	HET	STD	STD	STD	HET	HET	STD	STD	STD	STD	STD	STD	STD	STD	STD	HET	STD	STD	STD	HET	HET	STD	STD	STD
201711.nc12	HET	STD	INV	STD	HET	HET	HET	HET	STD	HET	STD	INV	INV	STD	INV	HET	HET	INV	STD	INV	STD	STD	STD	STD	STD	INV	STD	HET	STD	STD	STD	INV	HET	STD	INV	HET	STD	STD	HET	STD	STD	INV	HET	STD	STD	STD	STD	STD	STD	STD	STD	STD	STD	STD	STD	STD	STD	STD	STD	STD	STD	STD	STD	STD	STD	STD	HET	STD	STD	STD	HET	HET	STD	STD	STD
201711.nc13	INV	STD	HET	STD	INV	INV	INV	HET	HET	INV	STD	STD	HET	STD	INV	HET	HET	INV	STD	INV	STD	HET	STD	HET	STD	STD	HET	STD	STD	STD	STD	HET	STD	STD	STD	INV	STD	STD	STD	STD	STD	STD	STD	HET	STD	STD	STD	STD	STD	STD	STD	INV	STD	STD	STD	STD	STD	STD	STD	STD	STD	STD	STD	STD	HET	HET	STD	HET	STD	STD	STD	STD	STD	STD	STD
201711.nc14	HET	STD	INV	STD	HET	INV	HET	INV	INV	STD	HET	STD	INV	.	HET	HET	INV	INV	STD	HET	STD	STD	STD	STD	STD	HET	STD	STD	STD	STD	STD	INV	INV	STD	STD	STD	STD	STD	STD	INV	STD	HET	STD	STD	STD	STD	STD	STD	STD	STD	STD	HET	STD	STD	STD	HET	STD	STD	STD	STD	STD	STD	STD	STD	STD	STD	STD	STD	HET	STD	STD	HET	STD	HET	STD
201711.nc15	INV	STD	INV	STD	INV	HET	HET	HET	STD	HET	STD	HET	INV	.	INV	HET	HET	INV	HET	INV	STD	STD	STD	HET	STD	INV	STD	STD	STD	HET	STD	INV	.	STD	HET	STD	STD	STD	HET	STD	STD	STD	HET	STD	STD	STD	STD	STD	STD	STD	STD	INV	STD	STD	STD	INV	STD	STD	STD	STD	STD	STD	STD	STD	STD	STD	STD	STD	STD	STD	STD	HET	STD	HET	STD
201711.nc16	INV	STD	INV	STD	STD	HET	INV	HET	HET	STD	.	STD	INV	STD	INV	STD	STD	HET	STD	INV	STD	STD	STD	HET	STD	HET	STD	STD	STD	STD	STD	HET	HET	STD	HET	HET	STD	STD	STD	STD	STD	HET	STD	STD	STD	STD	STD	STD	STD	STD	HET	HET	STD	STD	STD	HET	STD	STD	STD	STD	STD	STD	STD	STD	STD	.	STD	STD	STD	STD	HET	STD	STD	STD	STD
201709.nc3	INV	STD	INV	STD	INV	INV	INV	INV	HET	HET	STD	STD	INV	.	INV	STD	HET	HET	HET	HET	STD	STD	STD	STD	STD	INV	STD	STD	STD	STD	STD	INV	HET	STD	STD	STD	STD	.	STD	STD	STD	INV	HET	STD	STD	HET	STD	STD	STD	STD	STD	.	STD	STD	STD	HET	STD	STD	STD	STD	STD	STD	HET	STD	STD	HET	STD	STD	STD	STD	STD	STD	STD	HET	STD
201709.nc2	HET	HET	HET	STD	INV	INV	STD	STD	HET	HET	HET	INV	INV	STD	HET	INV	STD	HET	STD	HET	STD	STD	STD	HET	HET	HET	HET	STD	STD	STD	STD	INV	INV	STD	HET	HET	STD	STD	HET	HET	STD	HET	STD	STD	STD	STD	STD	STD	STD	STD	STD	INV	STD	STD	STD	STD	STD	STD	STD	STD	STD	STD	STD	STD	HET	STD	STD	HET	STD	STD	STD	HET	HET	STD	STD
201709.nc27	INV	HET	HET	STD	.	.	INV	HET	STD	STD	.	.	INV	.	HET	.	HET	INV	STD	INV	STD	STD	STD	STD	.	INV	HET	.	.	.	.	.	.	.	.	STD	STD	.	HET	STD	STD	.	.	HET	STD	.	.	.	STD	.	.	.	.	.	.	.	.	.	.	.	.	.	.	.	.	.	.	.	.	.	.	.	.	.	.
201711.nc4	HET	HET	STD	STD	INV	INV	HET	HET	STD	HET	.	STD	INV	STD	HET	HET	INV	HET	STD	HET	STD	STD	STD	HET	STD	HET	INV	STD	STD	STD	STD	INV	STD	STD	STD	HET	STD	STD	STD	INV	STD	INV	HET	HET	STD	STD	STD	STD	STD	.	STD	STD	STD	STD	STD	STD	HET	STD	STD	STD	STD	STD	HET	STD	STD	HET	HET	STD	STD	STD	STD	INV	STD	HET	STD
201711.nc8	INV	STD	STD	STD	HET	INV	HET	INV	STD	HET	.	.	INV	.	HET	INV	INV	INV	STD	HET	STD	STD	STD	HET	STD	INV	INV	STD	STD	HET	INV	INV	HET	HET	HET	HET	STD	HET	STD	STD	STD	HET	STD	STD	STD	STD	STD	STD	STD	STD	STD	INV	STD	STD	STD	STD	STD	STD	STD	STD	STD	STD	STD	HET	STD	HET	STD	STD	STD	STD	STD	STD	HET	STD	STD
201711.nc9	INV	STD	STD	STD	INV	INV	INV	INV	HET	HET	.	.	INV	.	HET	HET	HET	INV	STD	HET	STD	STD	STD	HET	STD	INV	INV	STD	STD	STD	STD	INV	INV	INV	INV	HET	STD	STD	HET	STD	STD	.	HET	STD	STD	HET	STD	STD	STD	STD	STD	INV	STD	STD	STD	STD	STD	STD	STD	STD	STD	STD	STD	STD	STD	.	STD	STD	STD	STD	STD	STD	.	STD	STD
201802.nc17	INV	STD	INV	STD	STD	HET	HET	INV	STD	HET	.	INV	INV	STD	HET	STD	STD	HET	STD	INV	STD	STD	HET	HET	STD	HET	INV	STD	STD	STD	STD	INV	HET	STD	STD	STD	STD	.	STD	STD	STD	STD	HET	STD	STD	HET	STD	STD	STD	STD	STD	HET	STD	STD	STD	STD	STD	STD	STD	STD	STD	STD	STD	STD	STD	STD	HET	STD	STD	STD	STD	INV	STD	STD	STD
201802.nc18	INV	STD	HET	HET	INV	INV	STD	INV	STD	HET	.	INV	HET	STD	INV	INV	HET	HET	STD	INV	STD	STD	STD	STD	HET	INV	STD	STD	STD	STD	STD	STD	STD	STD	HET	HET	STD	STD	STD	HET	STD	INV	HET	STD	STD	STD	STD	STD	STD	STD	STD	INV	STD	STD	STD	HET	STD	STD	STD	STD	STD	STD	STD	STD	STD	HET	HET	STD	STD	STD	HET	STD	HET	STD	STD
20170620.NC6ab	HET	STD	STD	STD	INV	INV	INV	INV	INV	HET	.	STD	INV	.	INV	STD	STD	STD	INV	INV	STD	HET	HET	INV	HET	STD	INV	HET	STD	.	STD	HET	STD	INV	STD	INV	HET	STD	STD	STD	STD	STD	INV	.	STD	STD	STD	STD	STD	STD	STD	INV	STD	STD	STD	STD	STD	HET	STD	STD	STD	STD	STD	STD	STD	STD	HET	STD	STD	STD	STD	STD	STD	STD	STD
20170620.NC22ab	INV	STD	HET	STD	STD	INV	HET	INV	HET	HET	STD	HET	HET	.	HET	HET	STD	INV	HET	INV	STD	STD	HET	HET	STD	STD	.	STD	STD	STD	HET	HET	INV	STD	INV	INV	STD	STD	STD	STD	STD	INV	HET	HET	STD	HET	STD	STD	STD	STD	STD	INV	HET	STD	STD	HET	STD	STD	STD	STD	STD	STD	STD	STD	STD	HET	STD	STD	STD	STD	HET	INV	STD	HET	STD
20170620.NC25ab	HET	STD	STD	STD	HET	STD	STD	INV	HET	HET	.	STD	HET	.	INV	HET	HET	INV	HET	HET	STD	INV	STD	INV	HET	STD	HET	STD	HET	.	HET	INV	HET	STD	HET	HET	STD	.	STD	INV	STD	HET	INV	STD	STD	HET	STD	STD	STD	STD	STD	.	STD	STD	STD	HET	STD	STD	STD	STD	STD	STD	STD	STD	STD	STD	HET	HET	STD	STD	STD	HET	STD	HET	STD
20170620.NC26ab	INV	HET	STD	STD	HET	INV	HET	HET	INV	INV	STD	INV	INV	.	HET	HET	STD	INV	HET	INV	STD	STD	STD	INV	STD	HET	INV	STD	STD	STD	STD	INV	HET	STD	HET	INV	HET	STD	STD	STD	STD	HET	HET	STD	STD	STD	STD	STD	STD	STD	STD	INV	STD	STD	STD	STD	STD	STD	STD	STD	STD	STD	HET	STD	STD	STD	STD	HET	STD	STD	STD	STD	STD	STD	STD
