Inversion	Individual	Genotype_con	Probability_con	Population	GLB	AFR	EUR
HsInv0501	201802.nc17	INV	0.935	EUR	No_Imputable	No_Imputable	Imputable
HsInv0501	201802.nc18	INV	0.925	EUR	No_Imputable	No_Imputable	Imputable
HsInv0501	201709.nc1	HET	0.982	EUR	No_Imputable	No_Imputable	Imputable
HsInv0501	201711.nc11	HET	0.748	EUR	No_Imputable	No_Imputable	Imputable
HsInv0501	201711.nc12	STD	0.999	EUR	No_Imputable	No_Imputable	Imputable
HsInv0501	201711.nc13	STD	0.935	EUR	No_Imputable	No_Imputable	Imputable
HsInv0501	201711.nc14	HET	0.915	EUR	No_Imputable	No_Imputable	Imputable
HsInv0501	201711.nc15	HET	0.992	EUR	No_Imputable	No_Imputable	Imputable
HsInv0501	201711.nc16	HET	0.61	EUR	No_Imputable	No_Imputable	Imputable
HsInv0501	201709.nc3	INV	0.908	EUR	No_Imputable	No_Imputable	Imputable
HsInv0501	201709.nc2	HET	0.527	EUR	No_Imputable	No_Imputable	Imputable
HsInv0501	201711.nc4	INV	0.686	EUR	No_Imputable	No_Imputable	Imputable
.	201711.nc8	.	.	EAS	.	.	.
.	201709.nc10	.	.	EAS	.	.	.
.	201709.nc27	.	.	SAS	.	.	.
.	20170620.NC26ab	.	.	ALL	.	.	.
.	20170620.NC6ab	.	.	AFR	.	.	.
.	201711.nc9	.	.	EAS	.	.	.
.	20170620.NC25ab	.	.	AFR	.	.	.
.	20170620.NC22ab	.	.	AFR	.	.	.
